product_code,isbn,title,author,translator,publisher,publish_date,price,description,intro_text,keywords,image_url,product_url,created_at,updated_at
S000218751567,9791173576577,진보를 위한 주식투자,이광수,null,21세기북스,2025년 12월 17일,0,,"대한민국은 지금 ‘주식하는 국민’의 시대
“여러분은 왜 아직 주주가 아닙니까?”

〈뉴스공장〉 ‘주식아가방’ 투자전략 총정리!
정책·시장·철학을 꿰뚫는 이광수의 주식투자 수업

대한민국은 지금 ‘주식하는 국민’의 시대
“여러분은 왜 아직 주주가 아닙니까?”

〈뉴스공장〉 ‘주식아가방’ 투자전략 총정리!
정책·시장·철학을 꿰뚫는 이광수의 주식투자 수업

광수네 복덕방 대표이자 경제 분야의 핵심 ‘진보 패널’로 꼽히는 이광수는 〈뉴스공장〉, 〈매불쇼〉 등 굵직한 시사·경제 채널에서 주식의 본질을 ‘시장 참여’와 ‘주권 행위’로 설명해온 해설자다. 그는 단기 수익을 좇는 투기가 아니라, 기업의 주인이 되고 구조적 변화를 이끄는 힘으로서의 투자를 강조해왔다. 정책 변화가 시장을 어떻게 움직이는지, 왜 진보가 시장을 외면하면 안 되는지, 그리고 어떤 기준으로 종목과 지수를 바라봐야 하는지를 누구보다 명확하게 풀어내는 그의 강의는 늘 폭발적인 반응을 불러왔다.
특히 그는 “진보 정권을 지지한다면, 그 성과를 시장에서 함께 누려야 한다”는 메시지를 일관되게 주장해온 인물이다. 경제·정책·철학을 연결하는 그의 해설은 그동안 진보 진영이 놓치고 있던 ‘투자라는 참여 방식’을 복원했다는 평가를 받는다. 『진보를 위한 주식투자』는 바로 그 메시지를 본격적으로 체계화한 첫 결과물이자, 진보가 자본을 통해 세상을 바꾸기 위해 반드시 알아야 할 원칙과 전략을 담은 첫 안내서다. 이 책은 “왜 진보는 투자해야 하는가”라는 질문에서 출발한다. 한국 주식시장이 구조적으로 저평가된 이유, 향후 지수 상승을 이끌 거시 조건, 그리고 지속 가능한 장기투자의 철학·도구·습관을 구체적 데이터와 사례로 설계한다. 일별·주별·월별 실천 체크리스트는 초보 투자자를 행동하게 만들고, 분석의 기준·매수 타이밍·리스크 관리 원칙은 경험 있는 투자자에게도 ‘보는 눈’을 정교하게 벼리는 도구가 될 것이다. 이 책을 읽는 사람은 단순한 투자자가 아니다. 기업의 주인이 되고, 시장의 참여자가 되며, 더 나은 경제 구조를 요구할 수 있는 시민이 된다. 그것이 이 책이 제시하는 ‘진보적 투자’의 의미다.

☞ 함께 읽으면 좋은 21세기북스의 책들
▶ 나는 배당투자로 매일 스타벅스 커피를 공짜로 마신다 | 송민섭(수페TV) 지음 | 21세기북스 | 2023년 12월 | 24,000원
▶ 미국투자 메가 사이클 | 성상현 지음 | 21세기북스 | 2025년 1월 | 24,000원

☞ 21세기북스 관련 사이트
▶ 페이스북 facebook.com/jiinpill21 ▶ 포스트 post.naver.com/21c_editors ▶ 인스타그램 instagram.com/jiinpill21
▶ 홈페이지 www.book21.com ▶ 유튜브 youtube.com/book21pub","초보 투자자, 장기 투자, 배당, 손절매, 정책 변화, 지음",https://contents.kyobobook.co.kr/sih/fit-in/458x0/pdt/9791173576577.jpg,https://product.kyobobook.co.kr/detail/S000218751567,2026-01-09 07:10:24.713475+00,2026-01-09 07:10:24.713475+00
S000216900602,9791168342941,박곰희 연금 부자 수업,박곰희,null,인플루엔셜,2025년 06월 25일,18900,4개의 통장으로 월 300만 원 만들기,"“연금 투자야말로 평범한 사람들이
부자가 되는 확실한 방법이다!”

출간 즉시 베스트셀러
100만 투자 멘토 ‘박곰희TV’가 한 권으로 정리한 연금의 모든 것

“연금 투자야말로 평범한 사람들이
부자가 되는 확실한 방법이다!”

출간 즉시 베스트셀러
100만 투자 멘토 ‘박곰희TV’가 한 권으로 정리한 연금의 모든 것

대한민국이 초고령사회에 진입한 지금, 더 충격적인 현실이 드러났다. 서울금융복지상담센터 분석에 따르면 개인파산 신청자의 86%가 50대 이상 중장년층이며, 통계청 자료로는 성인 4명 중 1명이 아예 노후 준비를 포기한 상태다. 준비 없는 노후는 더 이상 남의 일이 아니다.
이런 절망적인 현실 앞에서 베스트셀러 《박곰희 투자법》 출간 5년 만에 돌아온 금융 유튜버 박곰희가 이번엔 연금으로 평생 월급 받는 비밀을 공개한다. 증권사 출신인 저자는 5년간 금융 유튜버로 활동하며 수많은 구독자의 연금 고민을 직접 들어왔다. “투자를 잘 모르는데 연금은 어떻게 준비해야 할까요?”, “3억 원으로 정말 노후 생활이 가능할까요?”, “55세, 연금 준비 늦은 걸까요?”와 같은 절실한 질문들에 대한 현실적이고 구체적인 답변을 《박곰희 연금 부자 수업》에 녹여냈다. 복잡한 투자 지식이나 목돈 없이도 4개의 절세 통장과 검증된 투자 방법만으로 누구나 따라 할 수 있는 연금 부자 로드맵을 완성했다.

이 책의 가장 혁신적인 부분은 은퇴 후 안정적인 자산 인출 전략으로 ‘4% 룰’을 적용했다는 점이다. 저자는 은퇴자금에서 매년 4%씩 인출하면 30년 이상 또는 평생 자금이 고갈되지 않는다는 검증된 방법론을 활용해 원금은 보존하면서 수익으로만 생활하는 ‘마르지 않는 현금흐름’을 만드는 구체적인 방법을 제시한다. 실제로 노벨상을 수여하는 노벨재단도 이와 유사한 원리로 120년간 꾸준히 상금을 지급해오고 있다. 저자는 이 과학적 근거를 바탕으로 연금 자산의 4~6%만 매년 인출하면 평생 사용할 수 있는 전략을 구체화했다.
또한 월 50만 원부터 200만 원까지 개인의 투자 여력에 따른 구체적인 포트폴리오와 납입 전략을 제시하고, 자산 규모별로 실제 현금흐름이 어떻게 만들어지는지 보여준다. 단순히 돈을 모으는 것에 그치지 않고, 연금 개시부터 월배당 중심 포트폴리오 전환, 세금 최적화, 수령 방식 선택까지 연금 수령의 모든 과정을 5단계로 나누어 상세히 안내한다.
저자는 “완벽한 계획을 세우는 것보다 불완전하더라도 우선 시작하는 것이 중요하다”고 강조한다. 30~40대 직장인부터 50대 예비 은퇴자까지, 노후 준비를 시작하고 싶지만 어디서부터 손대야 할지 모르는 투자 초보자들에게 이 책은 가장 현실적이고 검증된 해답을 제시한다.","노후 준비, 노후 자금, 현금 흐름, 인출, 투자 기법, 투자 방식",https://contents.kyobobook.co.kr/sih/fit-in/458x0/pdt/9791168342941.jpg,https://product.kyobobook.co.kr/detail/S000216900602,2026-01-09 07:10:24.713475+00,2026-01-09 07:10:24.713475+00
S000217467412,9791193638859,트렌드 코리아 2026,"김난도 , 전미영 , 최지혜 , 권정윤 , 한다혜 , 이혜원 , 이수진 , 서유현 , 전다현 , 이준영 , 이향은 , 김나은",null,미래의창,2025년 09월 24일,18000,2026 대한민국 소비트렌드 전망,"HORSE POWER
AI 대전환의 시대, 무엇을 준비해야 하는가?

세상은 작용과 반작용, 치열한 정반합(正反合)의 소용돌이가 거세게 휘몰아치고 있다. 방향을 잡기 어려울 정도로 속도가 빠르고 정신이 없다. 그렇다면 우리의 방향타는 어디에 있는가? 거센 풍랑과 어디서 불어올지 모르는 태풍을 피하기 위해 우리는 어디에 닻을 내리고 있어야 하는가?
관세전쟁과 특이점을 향하는 AI의 위협, 끝이 보이지 않는 전쟁의 소용돌이 속에서도 한국 경제는 자동차, 조선, 반도체에 이어 글로벌 시장에서 1위의 위업을 달성한 K뷰티, 더욱 한국적이 되어가는 K콘텐츠 열풍에 힘입어 아직은 순항을 이어가고 있다. 수많은 개인들이 보이는 역동적이고 창의적인 라이프스타일과 소비 행태들 역시 전에 없이 새롭고 흥미로운 트렌드를 만들어내고 있다.
배는 항구에 정박해 있을 때가 가장 안전하지만, 그것이 배의 본질은 아니다. 〈트렌드 코리아〉와 함께 2026년의 바다로 항해를 이어가자.","글로벌 시장, 순항, 한국 경제, 뷰티, 관세, 위업",https://contents.kyobobook.co.kr/sih/fit-in/458x0/pdt/9791193638859.jpg,https://product.kyobobook.co.kr/detail/S000217467412,2026-01-09 07:10:24.713475+00,2026-01-09 07:10:24.713475+00
S000218687476,9791193282533,자본주의 시대에서 살아남기 위한 최소한의 경제 공부,백억남(김욱현),null,하이스트,2025년 12월 04일,25200,,"남의 말에 흔들리지 말고 자신의 눈으로 투자하라
5년 만에 1,500만 원을 10억 원으로 만든
62만 팔로워 경제 크리에이터가 말하는 경제적 사고의 기초

남의 말에 흔들리지 말고 자신의 눈으로 투자하라
5년 만에 1,500만 원을 10억 원으로 만든
62만 팔로워 경제 크리에이터가 말하는 경제적 사고의 기초

코스피 5,000이 거론되는 지금, 유튜브와 SNS에서는 하루가 멀다 하고 ‘한 방 투자’ 콘텐츠가 쏟아진다. 그러나 저자는 단호하다. “진짜 투자는 한 번의 우연이 아니라 끝까지 버티는 힘에서 나온다.”
5년 만에 1,500만 원을 10억 원으로 회수한 투자자이자, 유튜브와 인스타그램 합산 62만 팔로워를 보유한 그는 화려한 기법 대신 경제적 기반을 이해하는 체계를 강조해 왔다. 강의와 실전 스터디를 통해 수많은 투자자의 계좌를 직접 지켜본 경험이 그 결론을 더 확실하게 만들어 주었다.
이 책은 금리, 환율, 물가, 정책 같은 숫자들이 내 월급, 집값, 대출, 투자와 어떻게 연결되는지를 일상의 언어로 풀어내는 경제 입문서이자 투자 기초서다. 부동산, 주식, 산업, 재무제표를 따로 배우다 길을 잃기 쉬운 초보자를 위해, 경제의 큰 구조를 하나의 흐름으로 묶어 보여 준다.
특정 종목 추천이나 단기 기법이 아니라, 자산을 지키고 불리는 데 필요한 기초 체력인 경제적 사고력을 단계적으로 안내한다. 평범한 직장인부터 투자 초보까지, 이제는 남의 말이 아니라 스스로 판단할 수 있는 경제인으로 성장하고 싶은 독자에게 이 책은 가장 현실적이고 강력한 출발점이 될 것이다.","투자자, 금리, 경제인, 재무제표, 집값, 환율",https://contents.kyobobook.co.kr/sih/fit-in/458x0/pdt/9791193282533.jpg,https://product.kyobobook.co.kr/detail/S000218687476,2026-01-09 07:10:24.713475+00,2026-01-09 07:10:24.713475+00
S000217427392,9791193937686,머니 트렌드 2026,"김도윤 , 정태익 , 김광석 , 김승주 , 김용섭 , 김학렬 , 김현준 , 최재붕",null,북모먼트,2025년 09월 25일,23400,,"대한민국에서 가장 신뢰받는 경제 예측서!
480만 명이 선택한 전문가 8인의 2026년 생존 전략
경제 전쟁 최전선, 부의 격차를 가르는 50가지 돈의 흐름

누적 조회수 17억 뷰! 480만 명이 열광한 경제 인사이트
2026년을 책임질 머니 트렌드의 귀환
붉은 말의 해, 부의 상승 곡선에 올라탈 기회는 지금이다!

대한민국에서 가장 신뢰받는 경제 예측서!
480만 명이 선택한 전문가 8인의 2026년 생존 전략
경제 전쟁 최전선, 부의 격차를 가르는 50가지 돈의 흐름

누적 조회수 17억 뷰! 480만 명이 열광한 경제 인사이트
2026년을 책임질 머니 트렌드의 귀환
붉은 말의 해, 부의 상승 곡선에 올라탈 기회는 지금이다!

누적 조회수 17억 뷰! 480만 명이 열광한 경제 인사이트
2026년을 책임질 머니 트렌드의 귀환
붉은 말의 해, 부의 상승 곡선에 올라탈 기회는 지금이다!

대한민국에서 가장 신뢰받는 경제 전망 시리즈 『머니 트렌드 2026』이 네 번째 책으로 돌아왔다. 시리즈 출범부터 화제를 모은 머니 트렌드는 지금까지 수많은 독자가 “새해에 가장 먼저 펼치는 책”, “경제를 바라보는 안목이 달라졌다”, “투자와 소비의 기준이 확실해졌다”라고 호평하는 필독서가 되었다. 흔들리는 시장에도 앞서 대비한 독자들의 경험담이 이어지면서 ‘대한민국 경제 예측의 바로미터’로 자리매김하고 있다.
『머니 트렌드 2026』에는 거시 경제부터 주식, 부동산, 암호화폐, 테크, 문화 트렌드까지 각 분야 최전선에서 활동하는 대한민국 최고 전문가들이 집필진으로 참여해 2026년 한국 경제의 빅픽처를 그려낸다. 내일의 경제를 예측하는 것을 넘어, 당장 무엇을 준비해야 할지 스스로 방향키를 쥘 수 있도록 안내한다.
책 속의 50가지 인사이트는 돈의 흐름을 앞서 읽게 해주는 성공 공식이다. 재테크 초보자라 해도 이 책을 통해 기본기를 갖출 수 있고, 이미 시장에 깊숙이 들어와 있는 투자자에게는 새로운 관점을 열어준다. 나아가 불확실성이 커질수록 생존을 위해 트렌드를 놓치지 말아야 하는 소상공인이나 마케터 같은 직장인, 경영인, 그리고 변동성의 파도 속에서 주요 의사결정을 해야 하는 각계 관계자들에게도 필요한 통찰이 담겼다.
해를 거듭하며 요동치는 경제 환경에서 누구보다도 독자들이 가장 먼저 상황을 꿰뚫고 기민하게 대응하도록 돕는 머니 트렌드 시리즈. 이번 『머니 트렌드 2026』 역시, 우리가 맞닥뜨린 거대한 격변을 가늠하고 앞으로 1년을 준비할 명확한 길잡이가 되어줄 것이다.","투자자, 거시 경제, 암호 화폐, 주식 시장, 테크, 소상 공인",https://contents.kyobobook.co.kr/sih/fit-in/458x0/pdt/9791193937686.jpg,https://product.kyobobook.co.kr/detail/S000217427392,2026-01-09 07:10:24.713475+00,2026-01-09 07:10:24.713475+00
S000218570349,9791194620211,피지컬 AI 패권 전쟁,박종성,null,지니의서재,2025년 12월 05일,17820,미국과 중국이 촉발한 제2의 냉전,"“누가 AI를 가장 먼저 화면 밖 현실로 소환할 것인가?”

피지컬 AI가 여는 새로운 문명 전쟁의 시대
현장 전문가가 제시하는 국가 경쟁력과 생존의 로드맵

“누가 AI를 가장 먼저 화면 밖 현실로 소환할 것인가?”

피지컬 AI가 여는 새로운 문명 전쟁의 시대
현장 전문가가 제시하는 국가 경쟁력과 생존의 로드맵

지금 서점의 AI 관련 서가를 보면, 온통 챗GPT와 거대 언어 모델(LLM)에 관한 이야기로 가득하다. 우리는 인간처럼 말하고 생각하는 인공지능에 열광하며 새로운 시대의 도래를 외친다. 그러나 바로 그 찬탄의 순간, 우리 시대 가장 위험한 착각이 시작되고 있다.

LG CNS에서 15년 넘게 AI 분야를 이끌어 온 현장 전문가 박종성의 『피지컬 AI 패권 전쟁』은, 우리가 스크린 속 ‘AI의 지능’에 매혹된 사이, 스크린 밖 현실 세계에서는 AI에 ‘신체(Body)’를 부여하려는 훨씬 거대하고 전략적인 전쟁이 이미 벌어지고 있다고 말한다. 그리고 그 전쟁의 승자가 21세기의 지정학적·산업적 패권을 결정할 것이라고 단언한다.

이 책은 중국의 AI 전략을 ‘AI의 몸체 구축’ ‘두뇌 설계’, 그리고 ‘영혼과 육체의 결합(具身智能)’으로 이어지는 거대한 3막짜리 청사진과 함께 해부한다. 저자는 중국이 단순한 기술 추격국이 아니라, ‘국가 CEO’가 설계한 혁신 조립 라인을 통해 국가의 운명을 건 패권 프로젝트를 수행하고 있음을 보여 준다.
중국은 일찍이 이 ‘피지컬 AI’야말로 미래의 유일하고도 결정적인 전쟁터임을 간파했다. 그리고 2017년 알파고가 커제 9단을 꺾은 사건을 ‘관리된 스푸트니크 모멘트’로 활용하며, 위기의식을 국가적 AI 투자 합의로 전환시키는 치밀한 전략을 가동했다.

문제는 그 거대한 전쟁 앞에 선 대한민국의 현실이다. 중국이 DJI, 바이두, 유비테크를 ‘국가 전략을 실행하는 용의 발톱’으로 삼아 하늘과 땅, 공장을 장악해 가는 동안, 한국은 여전히 파편화된 전략과 응용 소프트웨어 중심의 산업 불균형에 묶여 있다. 중국의 전략이 완성되는 순간, 대한민국의 제조 경쟁력은 무력화되고, 우리는 AI 혁명의 ‘설계자’가 아닌 ‘조립 생산자’로 전락할 위험에 처해 있다. 이 책은 바로 그 절박한 위기를 냉철하게 직시하게 만든다.

그러나 『피지컬 AI 패권 전쟁』은 단순히 경고만으로 끝나지 않는다. 저자는 중국의 모델을 맹목적으로 따라 하는 것은 답이 될 수 없다고 단언한다. 대신 중국을 ‘하체가 부실한 거인’에 빗대어 구조적 취약점을 역이용하고, 한국의 민첩성과 고품질 제조 역량이라는 강점을 극대화하여 게임 체인저가 될 수 있는 전략을 제안한다. 그 핵심은 ‘K-피지컬 AI 2035 대전략’이다. 정부와 대기업, 스타트업이 ‘하나의 팀’으로 움직여 기술 종속의 사슬을 끊고, 국가적 생존 전략을 세워야 한다는 제언이다.

이 책은 기술 낙관론이나 정치적 구호가 아니라, AI 분야의 현장 실무자가 치밀한 분석과 통찰을 도출해 낸 대한민국의 생존과 미래를 위한 가장 현실적이고 긴박한 전략서다. 지금 이 책을 펼치는 순간, 우리는 챗GPT의 마법에 취해 놓치고 있던 진짜 전쟁터를 볼 수 있다. 그리고 이 치명적인 승부에서 ‘호랑이답게’ 살아남을 길을 찾게 될 것이다.","국가 전략, 중국, 조립, 모멘트, 전쟁터, 지정학",https://contents.kyobobook.co.kr/sih/fit-in/458x0/pdt/9791194620211.jpg,https://product.kyobobook.co.kr/detail/S000218570349,2026-01-09 07:10:24.713475+00,2026-01-09 07:10:24.713475+00
S000218055137,9791193674321,AI 2026 트렌드&활용백과,김덕진,null,스마트북스,2025년 10월 21일,22500,,"2026년,
AI 빅뱅을 미리 준비하는
최고급 코스!


AI 트렌드부터 비즈니스 활용, AI 에이전트, 설치형 AI까지
한 권으로 끝! 당장 써먹는 AI 도구 30개 활용법 수록!

2026년,
AI 빅뱅을 미리 준비하는
최고급 코스!


AI 트렌드부터 비즈니스 활용, AI 에이전트, 설치형 AI까지
한 권으로 끝! 당장 써먹는 AI 도구 30개 활용법 수록!

1,400만 뷰 화제의 영상, 16주 연속 종합 베스트셀러 김덕진 소장의 최신작 『AI 2026』(트렌드&활용백과)가 나왔다. 절대 놓쳐서는 안 될 2026년 AI 핫 트렌드와 활용법. 10여 년 동안 IT 트렌드의 최전선에서 대중들과 함께 호흡해온 김덕진 IT커뮤니케이션연구소장이 오픈AI·앤트로픽·구글·xAI 등 빅테크들의 최신 전략을 분석하고, 2026년 AI 핫 트렌드를 소개한다. 또한 지난 3년여 간 수천 회의 다양한 강의현장에서 만난 5만여 명 사용자들의 요구를 반영하여, 우리 삶과 일에서 활용도가 높은 AI 도구 30개를 뽑아 활용법도 소개한다.
GPT-5·클로드·제미나이의 일잘러용 ‘찐’ 기능, 프롬프트 팩 사용법, 사무 특화형 AI부터 심층 리서치 에이전트, 미디어 특화 AI, 내 PC에 설치해 사용하는 오픈소스형 AI까지, 업무·학습·창작 활동에 어떻게 써먹을 수 있는지 구체적인 사례와 함께 다룬다. 보고서·영상·음악 등을 위한 AI부터 일잘러를 위한 업무별 생산성 AI 도구까지, 이 책 한 권으로 끝!","프롬프트, 에이전트, 오픈 소스, 특화, 클로드, 리서치",https://contents.kyobobook.co.kr/sih/fit-in/458x0/pdt/9791193674321.jpg,https://product.kyobobook.co.kr/detail/S000218055137,2026-01-09 07:10:24.713475+00,2026-01-09 07:10:24.713475+00
S000218731281,9791193904664,부에 이르는 가장 단순한 길,JL 콜린스,이준걸,서삼독,2025년 12월 18일,22500,,"전 세계에 파이어(Fire) 운동, 이른바 경제독립 및 조기은퇴 운동을 일으킨 장본인이자, 재정교육의 대가로 불리는 JL 콜린스의 역작 《부에 이르는 가장 단순한 길》이 10년 만에 ‘전면 개정판’으로 돌아왔다. 오래전 국내에 출간된 초판은 수년간 절판 상태로 중고도서가 고가에 거래되고 있었기에 이번 ‘전면개정판’의 정식 출간 소식이 더욱 반갑다.
이 책은 ‘대학생 딸에게 보낸 편지’에서 시작되었다. 세상 물정 모르는 딸에게 자신이 실천해온 단순하면서도 현실적인 ‘빚-저축-투자’의 3원칙을 블로그 편지 형태로 전했고, 이를 본 수천수만 명의 응원과 지지로 자비 출판을 한다. 그렇게 해서 세상에 나온 이 책은 20개 언어로 번역 출간되었으며 100만 부 판매라는 기적을 낳았다. 그리고 전 세계에 파이어 운동의 열풍을 일으켰다.
주식시장에서의 50년 투자 경험 끝에 JL 콜린스는 “투자의 원칙은 단순해야 한다. 실천 가능해야 한다. 지속 가능해야 한다.”라고 단언한다. 그래서 이번 책에서도 원칙과 철학은 그대로이되 10년간의 데이터는 완전히 업데이트하고, 전 세계 독자들이 보내온 FAQ, 실제 사례 연구, 비트코인 투자 등을 새롭게 추가했다. 이에 JL 콜린스의 열성팬들은 “왕의 귀환이란 이런 것이다!”, “감사합니다. 덕분에 조기은퇴에 성공했습니다.” 등의 감사와 찬사를 내놓았다.

전 세계에 파이어(Fire) 운동, 이른바 경제독립 및 조기은퇴 운동을 일으킨 장본인이자, 재정교육의 대가로 불리는 JL 콜린스의 역작 《부에 이르는 가장 단순한 길》이 10년 만에 ‘전면 개정판’으로 돌아왔다. 오래전 국내에 출간된 초판은 수년간 절판 상태로 중고도서가 고가에 거래되고 있었기에 이번 ‘전면개정판’의 정식 출간 소식이 더욱 반갑다.
이 책은 ‘대학생 딸에게 보낸 편지’에서 시작되었다. 세상 물정 모르는 딸에게 자신이 실천해온 단순하면서도 현실적인 ‘빚-저축-투자’의 3원칙을 블로그 편지 형태로 전했고, 이를 본 수천수만 명의 응원과 지지로 자비 출판을 한다. 그렇게 해서 세상에 나온 이 책은 20개 언어로 번역 출간되었으며 100만 부 판매라는 기적을 낳았다. 그리고 전 세계에 파이어 운동의 열풍을 일으켰다.
주식시장에서의 50년 투자 경험 끝에 JL 콜린스는 “투자의 원칙은 단순해야 한다. 실천 가능해야 한다. 지속 가능해야 한다.”라고 단언한다. 그래서 이번 책에서도 원칙과 철학은 그대로이되 10년간의 데이터는 완전히 업데이트하고, 전 세계 독자들이 보내온 FAQ, 실제 사례 연구, 비트코인 투자 등을 새롭게 추가했다. 이에 JL 콜린스의 열성팬들은 “왕의 귀환이란 이런 것이다!”, “감사합니다. 덕분에 조기은퇴에 성공했습니다.” 등의 감사와 찬사를 내놓았다.","초보 투자자, 주식 시장, 투자 원칙, 비트코인, 물정, 트레이더",https://contents.kyobobook.co.kr/sih/fit-in/458x0/pdt/9791193904664.jpg,https://product.kyobobook.co.kr/detail/S000218731281,2026-01-09 07:10:24.713475+00,2026-01-09 07:10:24.713475+00
S000218576649,9788947502177,이코노미스트 2026 세계대전망,영국 이코노미스트,null,한국경제신문,2025년 12월 03일,20700,,"이코노미스트 《2026 세계대전망》 한국어판 독점
전 세계 25여 개 언어로 동시 출간되는 40주년 특별 기념판
2026년을 예측하고 준비하는 가장 확실한 대안이자 해법

이코노미스트 《2026 세계대전망》 한국어판 독점
전 세계 25여 개 언어로 동시 출간되는 40주년 특별 기념판
2026년을 예측하고 준비하는 가장 확실한 대안이자 해법

한국경제신문에서 해마다 출간되어온 글로벌 전망서 이코노미스트의 ‘The World Ahead’ 시리즈가 올해도 변함없이 《2026 세계대전망》으로 출간된다. 세계 각국의 정치와 경제, 비즈니스, 금융, 과학, 문화 등을 심층 진단하여 미래 예측과 트렌드 분석에 있어 최고의 글로벌 전망서로 손꼽히는 이 책은 전 세계 25개 언어로 해마다 연말에 전 세계에 동시 출간되는 대형 프로젝트로 올해 벌써 40주년을 맞았다. 해마다 예측 불가능한 상황의 연속에서 세계 패러다임 예측에 있어 최고의 권위를 자랑하는 〈이코노미스트〉가 2026년에 대한 심도 깊은 전망을 내놓는다. 세계의 주요 핵심 이슈는 물론 각 나라별, 분야별 글로벌 트렌드를 총체적으로 다루며 세계적인 권위와 명성을 자랑하고 있는 만큼, 독자들의 눈높이에 맞는 다양한 시각과 풍성한 볼거리를 제공할 예정이다.
전 세계를 좌지우지한 ‘최고의 질서 파괴자’ 도널드 트럼프가 재등장한 2025년은 그야말로 지정학, 외교, 무역 분야에서 오랫동안 유지해온 규범이 재편되는 한 해였다. 기존 질서와 규범을 깨는 예측불가의 그의 정치외교 방식은 미국이 건국 250주년을 맞는 2026년에도 지속될 것이기에, 시류에 맞는 혜안과 통찰을 담은 든든한 글로벌 경제 전망서가 더욱 필요한 시점이다. 무역 세계 각계각층의 전문가, 정치인, 학자, CEO 등 유명 인사와 함께 구체적이고 소신 있는 의견으로, 국제 정치, 경제, 금융, 비즈니스, 문화 이슈는 물론, 2026년에 주목해야 할 10가지 주제와 트렌드를 심층 분석한다. 전쟁, 경기 침체, 재정 위기, AI의 변화 등 급변하는 글로벌 시장의 지정학적 변수 속에서 우리가 어디로, 어떻게 나아가야 할지를 알려주는 최적의 나침반을 제공할 것이다.","지정학, 미래 예측, 예측 불가, 트렌드, 도널드 트럼프, 자유 무역",https://contents.kyobobook.co.kr/sih/fit-in/458x0/pdt/9788947502177.jpg,https://product.kyobobook.co.kr/detail/S000218576649,2026-01-09 07:10:24.713475+00,2026-01-09 07:10:24.713475+00
S000217187282,9791164847983,ETF 투자의 모든 것,문일호,null,매일경제신문사,2025년 08월 11일,18900,,"‘염블리’ 염승환 이사 강력 추천
더 이상 미룰 수 없다!
적금 대신 주식 대신 이제는 ETF
영리한 시뮬레이션을 통해 나에게 딱 맞는 ETF 포트폴리오로
자산과 현금흐름을 세팅하라

‘염블리’ 염승환 이사 강력 추천
더 이상 미룰 수 없다!
적금 대신 주식 대신 이제는 ETF
영리한 시뮬레이션을 통해 나에게 딱 맞는 ETF 포트폴리오로
자산과 현금흐름을 세팅하라

ETF는 분산투자의 장점을 살린 안전하면서도 수익률 높은 재테크다. 안 할 이유가 없는 완벽한 방법이지만 제대로 활용하지 못하는 사람들이 여전히 많다. 대세임을 증명하듯 점점 더 많은 ETF 상품이 마구 쏟아져 나오니 선택장애를 겪기도 한다. 증권전문기자의 정보와 경험을 바탕으로, 본격적인 시작점에 있는 사람들이 당장 맞닥뜨리는 ETF 투자의 A부터 Z까지 조목조목 담아낸 책이 나왔다. 그들의 눈높이에 맞춰 안정적인 ETF에서 수익률 높은 ETF까지 단계별로 설명하면서 지금 핫한 ETF도 빠뜨리지 않고 다루었다. 10억 원의 자산과 월 300만 원 현금흐름 만드는 ETF 조합을 기본으로 저마다 최적의 포트폴리오를 찾을 수 있도록 상세한 공식을 제시한다는 것이 이 책의 핵심이다.

ETF 투자 A부터 Z까지 가장 잘 활용하는 방법

■ 워런 버핏도 얘기했다, ETF가 답이라고!
■ 영어 + 숫자 + 한글 = ETF
■ 이제 치킨집이 아니라 ETF로 금융창업을!
■ 절세계좌로 S&P500부터 시작
■ JEPI + JEPQ = 연봉 1억 원
■ 닥치고 슈드와 QQQ로 은퇴하기
■ 제2의 월급통장이 되어줄 DIVO","투자자, 우량 기업, 현금 흐름, 절세, 워런 버핏, 고수익",https://contents.kyobobook.co.kr/sih/fit-in/458x0/pdt/9791164847983.jpg,https://product.kyobobook.co.kr/detail/S000217187282,2026-01-09 07:10:24.713475+00,2026-01-09 07:10:24.713475+00
S000217395322,9791175230088,실패를 통과하는 일,박소령,null,북스톤,2025년 09월 19일,18000,"비전, 사람, 돈을 둘러싼 어느 창업자의 기록","‘이 기록은 원래 공개되지 않을 예정이었다’
퍼블리 창업자가 10년간 써내려간 극사실주의 사업 노트

‘이 기록은 원래 공개되지 않을 예정이었다’
퍼블리 창업자가 10년간 써내려간 극사실주의 사업 노트

《실패를 통과하는 일》은 콘텐츠 스타트업 ‘퍼블리(PUBLY)’를 창업해 10년간 이끌었던 박소령 창업자가 가감 없이 쓴 사업 노트다. 이 책은 유니콘 기업의 성공담도, 드라마틱한 엑시트 스토리도 아니다. 대신 잘못된 선택과 그 선택이 불러온 결과, 그 한가운데서 버텨야 했던 결정적 장면을 솔직하게 기록했다.
책은 10년 여정에서의 10개의 결정적 장면으로 구성된다. 각 장면에는 이성과 감정, 불안과 확신, 이상과 현실이 충돌하는 과정이 생생하게 담겨 있다. 화려한 포장 대신 오판과 후회, 책임의 무게가 페이지마다 드러난다. 동시에 그 모든 과정을 정면으로 마주한 사람만이 얻을 수 있는 단단한 통찰도 함께 녹아 있다.
이 책은 화려한 성공 신화에 지친 독자들에게, 실패와 흔들림 속에서도 계속 앞으로 나아가게 만드는 힘이 무엇인지 보여준다. 결과보다 과정, 포장보다 진실을 택한 이 책은 자신의 길 위에서 흔들리고 있는 모든 이에게 정직한 용기와 위로를 건넬 것이다.","장면, 포장, 오판, 자원 배분, 주주, 후회",https://contents.kyobobook.co.kr/sih/fit-in/458x0/pdt/9791175230088.jpg,https://product.kyobobook.co.kr/detail/S000217395322,2026-01-09 07:10:24.713475+00,2026-01-09 07:10:24.713475+00
S000214710919,9791198987600,트럼프 2.0 시대,박종훈,null,글로퍼스,2024년 11월 08일,18000,,"2024년 제47대 미국 대통령 선거에서 도널드 트럼프가 당선되면서 “트럼프 2.0 시대”가 도래했다. 지난 2017년 트럼프 정부 1기 때와는 판도가 완전히 달라진 양상이다. 한층 강력해진 트럼프 정부 2기를 앞두고 여러모로 불리한 정책 방향이 예상되지만 대한민국 경제는 물론, 세계 경제사의 현장에서 함께 뛰어온 박종훈 경제 전문가가 정확한 분석과 대비를 통해 트럼프 리스크를 트럼프 기회로 바꿀 수 있는 방안을 제시한다. 더불어 트럼프 정책이 어떤 나비 효과를 불러올지, 그리고 그 안에서 어떠한 기회를 찾을 수 있을지 정확하게 분석한다.
국내 대다수 언론들의 예측을 깨고 대선 전부터 트럼프 당선을 예견해 온 저자가 더욱 막강해진 트럼프 2.0 시대에 환율, 금리, 물가 등 글로벌 경제의 거대한 지각 변동, 미중 패권 전쟁과 무역 질서의 재편, 반도체와 에너지 산업의 향방, 우크라이나 전쟁, 중동 위기, 중국과 대만 갈등을 포함한 국제 정세와 더불어 이러한 변화가 한국 경제에 미치는 영향은 무엇인지 면밀히 짚어 본다. 트럼프 시대를 위기가 아닌 새로운 기회로 삼고자 하는 저자의 간절한 바람과 더불어 다시 한번 대한민국이 재도약할 수 있는 부활의 길을 찾을 수 있기를 바라 본다.

2024년 제47대 미국 대통령 선거에서 도널드 트럼프가 당선되면서 “트럼프 2.0 시대”가 도래했다. 지난 2017년 트럼프 정부 1기 때와는 판도가 완전히 달라진 양상이다. 한층 강력해진 트럼프 정부 2기를 앞두고 여러모로 불리한 정책 방향이 예상되지만 대한민국 경제는 물론, 세계 경제사의 현장에서 함께 뛰어온 박종훈 경제 전문가가 정확한 분석과 대비를 통해 트럼프 리스크를 트럼프 기회로 바꿀 수 있는 방안을 제시한다. 더불어 트럼프 정책이 어떤 나비 효과를 불러올지, 그리고 그 안에서 어떠한 기회를 찾을 수 있을지 정확하게 분석한다.
국내 대다수 언론들의 예측을 깨고 대선 전부터 트럼프 당선을 예견해 온 저자가 더욱 막강해진 트럼프 2.0 시대에 환율, 금리, 물가 등 글로벌 경제의 거대한 지각 변동, 미중 패권 전쟁과 무역 질서의 재편, 반도체와 에너지 산업의 향방, 우크라이나 전쟁, 중동 위기, 중국과 대만 갈등을 포함한 국제 정세와 더불어 이러한 변화가 한국 경제에 미치는 영향은 무엇인지 면밀히 짚어 본다. 트럼프 시대를 위기가 아닌 새로운 기회로 삼고자 하는 저자의 간절한 바람과 더불어 다시 한번 대한민국이 재도약할 수 있는 부활의 길을 찾을 수 있기를 바라 본다.","패권, 기준 금리, 에너지 산업, 우크라, 글로벌 경제, 한국 경제",https://contents.kyobobook.co.kr/sih/fit-in/458x0/pdt/9791198987600.jpg,https://product.kyobobook.co.kr/detail/S000214710919,2026-01-09 07:51:50.448601+00,2026-01-09 07:51:50.448601+00
S000218683436,9791198686152,THE MONEY ISSUE(더 머니이슈) 2026 행운의 달력 3종 세트,토스,null,비바리퍼블리카,2025년 12월 01일,0,,"“돈에 대한 시선이 바뀌면, 삶의 방향이 달라진다”
세상에 없던 돈에 관한 매거진, 〈더 머니이슈〉의 시작

“돈에 대한 시선이 바뀌면, 삶의 방향이 달라진다”
세상에 없던 돈에 관한 매거진, 〈더 머니이슈〉의 시작

돈은 늘 삶의 한가운데 있다. 누구나 벌고 쓰며 살아가지만, 정작 “나는 돈에 대해 어떤 기준이나 관점을 가지고 있을까?”라는 질문 앞에서는 쉽게 답하지 못한다. 나와 돈의 관계를 설정한 경험이 적기에 돈은 불안의 시작점이 되기도, 자유의 수단이 되기도 한다. 〈더 머니이슈The Money Issue〉는 그 경계에서 흔들리는 우리를 위해 시작됐다. “머니이슈”는 돈에 관한 매거진을 뜻하는 동시에 “돈에 관한 문제는 언제나 삶의 문제”라는 뜻을 품고 있다. 이 책은 요즘 사람들을 위한 경제 정보지이자, 돈을 대하는 태도와 관점의 전환을 제안하는 라이프스타일 매거진이다.

토스의 전작 《더 머니북》이 돈을 다루는 기초 체력을 길러주는 생존형 가이드였다면, 〈더 머니이슈〉는 그 다음 질문을 던진다. “돈이 내 삶에 어떤 존재여야 할까? 건강한 관계를 위해 어떤 지식과 마인드셋을 가져야 할까?” 스마트폰을 수없이 스쳐 지나는 정보의 흐름 속에서, 책은 여전히 가장 깊이 있는 사유의 매체다. 내가 직접 페이지를 펼치고 행간에 떠오르는 생각까지 소화해야 하기 때문이다. 이 주체적인 독서의 경험은 곧 스스로 금융생활을 설계해 나가는 힘과 닮아 있다. 토스는 이러한 믿음 아래, 평소보다 조금 더 시간을 들여 독자들과 깊은 대화를 이어갈 시리즈를 시작한다. 잘 모른다는 이유로 막연히 두려워하기보다 한번쯤 파고들어 보고, 무심하게 흐르는 대로 두기보다 나만의 기준을 세우는 삶. 〈더 머니이슈〉는 그러한 변화를 돕는 작은 촉매제가 되고자 한다.","매거진, 자산 관리, 정보지, 요즘 사람, 촉매제, 기초 체력",https://contents.kyobobook.co.kr/sih/fit-in/458x0/pdt/9791198686152.jpg,https://product.kyobobook.co.kr/detail/S000218683436,2026-01-09 07:10:24.713475+00,2026-01-09 07:10:24.713475+00
S000217421954,9791170613114,시대예보: 경량문명의 탄생,송길영,null,교보문고,2025년 09월 11일,19800,,"거대함은 더 이상 안전을 보장하지 않는다.

가볍고 빠르게 적응하는 조직과 개인만이 살아남는
‘경량문명’의 탄생을 선언합니다.

거대함은 더 이상 안전을 보장하지 않는다.

가볍고 빠르게 적응하는 조직과 개인만이 살아남는
‘경량문명’의 탄생을 선언합니다.

지금 우리 사회의 화두 중 하나는 ‘희망퇴직’이다. 몇 년 전만 해도 희망퇴직은 유동성에 위기를 겪는 기업이 단기간에 이를 해결하기 위해 사용하는 긴급 처방이었다. 하지만 최근 몇 년 사이에 마치 상시 제도처럼, 하루가 멀다고 대기업들의 ‘희망퇴직’ 뉴스가 들려온다. 그 대상도 10년 이상 일한 50대에서 1년 차 20대까지 확대되었다. 이쯤 되면 이는 단순한 유동성 확보의 문제가 아니다. 조직 자체의 의미와 구조를 바꿀 만한 거대한 변화가 우리 사회에 벌어지고 있다.
그동안 ‘핵개인’과 ‘호명사회’라는 혁신적인 키워드로 개인에 초점을 맞춰 우리 사회의 변화를 소개해온 송길영 작가가 세 번째 《시대예보》로 돌아왔다. 이번에는 ‘경량문명의 탄생’을 선언하며, 우리 사회의 모든 ‘조직’ 단위에서 일어나고 있는 변화를 날카로운 시선과 섬세한 표현으로 소개한다.","조직, 지능화, 호명, 상시, 기술 변화, 패러다임 변화",https://contents.kyobobook.co.kr/sih/fit-in/458x0/pdt/9791170613114.jpg,https://product.kyobobook.co.kr/detail/S000217421954,2026-01-09 07:10:24.713475+00,2026-01-09 07:10:24.713475+00
S000218795850,9791169851763,텐배거 포트폴리오,김학주,null,페이지2북스,2025년 12월 29일,19800,,"여의도 증권가에서 신기술 성장주 분석으로 명성이 높은 김학주 교수의 빅테크 기업 발굴 리포트이다. AI, 양자컴퓨터, 반도체, 원자력, 수소, 블록체인 등 주식 시장의 상승을 견인하는 신기술 산업의 성장과 변화를 분석하고 업계의 대장주 역할을 하는 기업들의 강점과 미래 전망을 담았다. 특히 이 책에서는 전후방으로 연결된 산업들이 긴밀하게 연계해서 서로 동반 성장을 꾀하는 신기술 성장주의 흐름을 눈에 보이도록 그려주고 있다. 이를테면 AI 산업이 활성화 되면서 반도체 산업이 발맞춰 변화하고 인공위성 산업도 함께 성장하는 모습을 보여주거나 전기 공급을 위해 소형 원자로 산업과 배터리 산업이 성장하는 모습을 보여준다. 지금 당장 오르는 종목만 찾던 독자에게 하나의 산업이 발달하면 그 다음 수혜주가 어디가 될지 그 흐름을 예측해서 오를 종목을 싸게 살 수 있도록 돕는 것이다. 더불어 지금 사두면 3년 안에 원금의 10배를 벌고, 10년 안에 엔비디아를 위협할 기업들을 각 장별로 소개하고 있다.

여의도 증권가에서 신기술 성장주 분석으로 명성이 높은 김학주 교수의 빅테크 기업 발굴 리포트이다. AI, 양자컴퓨터, 반도체, 원자력, 수소, 블록체인 등 주식 시장의 상승을 견인하는 신기술 산업의 성장과 변화를 분석하고 업계의 대장주 역할을 하는 기업들의 강점과 미래 전망을 담았다. 특히 이 책에서는 전후방으로 연결된 산업들이 긴밀하게 연계해서 서로 동반 성장을 꾀하는 신기술 성장주의 흐름을 눈에 보이도록 그려주고 있다. 이를테면 AI 산업이 활성화 되면서 반도체 산업이 발맞춰 변화하고 인공위성 산업도 함께 성장하는 모습을 보여주거나 전기 공급을 위해 소형 원자로 산업과 배터리 산업이 성장하는 모습을 보여준다. 지금 당장 오르는 종목만 찾던 독자에게 하나의 산업이 발달하면 그 다음 수혜주가 어디가 될지 그 흐름을 예측해서 오를 종목을 싸게 살 수 있도록 돕는 것이다. 더불어 지금 사두면 3년 안에 원금의 10배를 벌고, 10년 안에 엔비디아를 위협할 기업들을 각 장별로 소개하고 있다.","산업, 엔비, 원자로, 종목, 원금, 디아",https://contents.kyobobook.co.kr/sih/fit-in/458x0/pdt/9791169851763.jpg,https://product.kyobobook.co.kr/detail/S000218795850,2026-01-09 07:10:24.713475+00,2026-01-09 07:10:24.713475+00
S000000848997,9788957365793,자본주의,EBS 자본주의 제작팀,null,가나출판사,2013년 09월 27일,19800,,"우리가 반드시 알아야 할 자본주의의 진실!

『자본주의』는 자본주의를 쉽게 풀어낸 방송, ‘EBS 다큐프라임 《자본주의》 5부작’을 책으로 엮은 것이다. 지갑 속 돈과 통장, 매달 갚아야 할 대출금과 이자, 살고 있는 집의 가격 등 이 모든 것이 자본주의 시스템에서 자유롭지 못한 오늘날, 세계 최고의 석학들을 만나 돈에 관한 진실과 자본주의의 비밀을 밝혀낸다. 그리고 무의식중에 우리를 나락으로 빠뜨리는 자본주의의 유혹과 위협 속에서 어떻게 살아남을 것인지도 알려준다. 이 책에서 독자들은 자신이 돈을 알맞게 쓰고 있는지 체크해 볼 수 있고, 자신을 지키며 행복하게 소비할 수 있는 방법을 찾아볼 수 있을 것이다.

금융의 중요성이 커지고 있는 오늘날, 앞으로의 시대에 금융에 관한 지식과 활용 능력은 빈부 격차의 차이를 가져오게 될 것은 분명한 사실이다. 그러므로 금융에 대한 이해력은 우리가 꼭 갖춰야 할 필수 능력이다.","하이에크, 중앙은행, 경제학, 경제이론, 국부론, 케인스",https://contents.kyobobook.co.kr/sih/fit-in/458x0/pdt/9788957365793.jpg,https://product.kyobobook.co.kr/detail/S000000848997,2026-01-09 07:10:24.713475+00,2026-01-09 07:10:24.713475+00
S000218315395,9791194979791,부자 아빠 투자 불변의 법칙,타짱,박선영,큰숲,2025년 10월 31일,18000,500억 자산가가 남긴 마지막 유산,"“나는 유언장 대신 투자법을 남겼다!”

30년간 500만 원을 500억 원으로 불린 자산가 아버지가
삶의 끝에서 전하고 싶었던 단 한 가지, ‘돈의 지혜’

“나는 유언장 대신 투자법을 남겼다!”

30년간 500만 원을 500억 원으로 불린 자산가 아버지가
삶의 끝에서 전하고 싶었던 단 한 가지, ‘돈의 지혜’

경제적 자유, 화목한 가정, 안정적 직업, 모든 것을 손에 넣고 삶의 마지막을 선고받는다면 당신은 가장 먼저 무엇을 하고 싶은가? 이 질문에 대한 한 사람의 대답이 바로 여기 있다. 《부자 아빠 투자 불변의 법칙》이다. 마취과 의사이자 성공한 개인 투자자인 저자는 시한부 선고를 받고, 이 책을 쓰기로 결심했다. 아직 중고등학생인 딸들이 어른이 되면 직접 알려주고 싶었던 투자에 관한 지혜를, 책이라는 형태로 남겨 자신이 곁에 없어도 오래 두고 보기를 바랐기 때문이다. 단돈 500만 원(원화 기준)을 500억 원으로 불린 한 사람의 30년간의 투자 기록을 담은 이 책은, 출간 즉시 “아마존 재팬 종합 1위” “출간 일주일 만에 10만 부 판매” “저자 출연 영상 100만 뷰” 등 경제경영서로는 이례적인 기록을 속출하며 일본 전역에서 화제를 불러 모았다.

저자가 의사라는 누구보다 바쁜 직업을 유지하면서도 30년간 꾸준히 투자하고 지속적으로 막대한 수익을 올릴 수 있었던 이유는, 최소 기간 투여로 최대 수익을 올리는 단 세 가지 투자법에 집중한 데 있었다. 이 책은 30년이라는 결코 짧지 않은 시간 동안 줄곧 상승 곡선만을 그려온 그의 투자기를 실제 투자한 종목과 기업 분석 사례를 통해 보여준다. 더불어 저자 자신이 떠나간 이후에도 아이들이 스스로 투자를 공부하고 실행할 수 있도록 투자 리포트 작성법과 기업 분석을 위한 각종 팁을 수록하여 실용성을 높였다. 딸들을 향한 저자의 간절한 마음에서 시작된 이 책은, 이제 막 투자를 시작하는 사람, 좀 더 분석적으로 투자에 접근하고 싶은 사람 그리고 자녀에게 돈의 지혜를 물려주고 싶은 사람 모두에게 유용한 조언이 될 것이다.","수익, 주식투자, 개인 투자자, 기업 분석, 종목, 시한부",https://contents.kyobobook.co.kr/sih/fit-in/458x0/pdt/9791194979791.jpg,https://product.kyobobook.co.kr/detail/S000218315395,2026-01-09 07:10:24.713475+00,2026-01-09 07:10:24.713475+00
S000218787591,9791175505520,월급으로 1억 만들기,한희재(재리),null,시원북스,2025년 12월 29일,0,월급 모으기 · 관리 · 투자까지 한 권으로 끝내는 평생 재테크 공식,"인스타 11만 팔로워, 클래스101 금융 · 재테크 강의 1위에 빛나는 재테크 노하우,
시급 5,000원에서 자산 10억까지, 평범한 직장인이 월급 관리로 증명한 가장 현실적인 재테크

인스타 11만 팔로워, 클래스101 금융 · 재테크 강의 1위에 빛나는 재테크 노하우,
시급 5,000원에서 자산 10억까지, 평범한 직장인이 월급 관리로 증명한 가장 현실적인 재테크

한국 사회에서 2030 청년들이 마주한 경제 현실은 녹록지 않다. 월급은 제자리인데 물가는 오르고, 주거비와 대출 규제는 부담을 더한다. 월급만으로는 ‘시작’조차 어렵다고 느끼는 이들이 많아졌다. 저자 역시 첫 월급 133만 원으로 출발한 평범한 직장인이었다. 월세 27만 원 고시텔에서 시작해, 월급을 관리하는 법을 스스로 익히며 26살에 1억 모으기, 이어 30살 내 집 마련, 현재는 자산 10억 원이라는 분명한 성과를 냈다.
이 책은 저자가 직접 겪고, 기록하고, 검증해온 월급 관리와 돈 모으기의 전 과정을 기반으로 한다. SNS에 꾸준히 올린 재테크 기록은 폭발적인 공감을 얻었고, 지금은 인스타그램 11만 팔로워, 클래스101 금융 · 재테크 분야 1위 강의를 통해 수많은 직장인에게 실전 재테크 길잡이가 되고 있다. 저자는 그 경험을 바탕으로 ‘월급만으로도 충분히 시작할 수 있다’는 사실을, 데이터와 실천 사례로 독자에게 보여준다.","재테크, 직장인, 건폐율, 연말 정산, 월세, 용도지역",https://contents.kyobobook.co.kr/sih/fit-in/458x0/pdt/9791175505520.jpg,https://product.kyobobook.co.kr/detail/S000218787591,2026-01-09 07:10:24.713475+00,2026-01-09 07:10:24.713475+00
S000218622973,9791194655213,트럼프 코드 가치 전쟁,홍상범,null,알토북스,2025년 12월 10일,16020,ESG를 둘러싼 새로운 자본주의의 얼굴,"“착한 자본과 상식의 충돌, 그 중심에 선 트럼프 코드”

ESG 전문 현직 변호사가 직접 취재하고 분석한
트럼프 2기 미국 보수의 세계관과 경영 환경 변화

“착한 자본과 상식의 충돌, 그 중심에 선 트럼프 코드”

ESG 전문 현직 변호사가 직접 취재하고 분석한
트럼프 2기 미국 보수의 세계관과 경영 환경 변화

트럼프의 예상 밖 당선은 글로벌 시장과 기업 현장에 중요한 질문을 던졌다. 지속 가능성을 강조하며 ESG(환경·사회·지배구조)에 대한 관심이 높아지던 시기, 그는 왜 “지구 온난화는 사기(Hoax)”라고 선언하며 ‘착한 투자’로 불리던 흐름에 강하게 반대 의사를 표명했을까.

저자 홍상범의 『트럼프 코드, 가치 전쟁』은 2024년 미국 대선 결과를 예측하지 못했던 경험에 대한 성찰에서 출발한다. 저자는 이 책에서 오늘날 글로벌 경제 환경에 영향을 미치는 가치 충돌의 본질, 그리고 그 변화의 방향을 읽어야 한다고 말한다. 이 책은 지금 미국 사회와 시장을 뒤흔드는 ‘ESG 전쟁’의 쟁점을 다각도로 살핀다. 기후와 에너지, 투자와 산업 정책, 교육과 문화, 그리고 성 정체성에 이르기까지 ESG는 기업 경영 전반을 아우르는 구조적 이슈로 확장되었다.

저자는 “왜 미국 보수는 ESG를 반대하는가”라는 질문을 중심에 두고, 감정이 아닌 팩트와 데이터, 이념이 아닌 제도와 현실 분석을 통해 답을 찾는다. 이를 통해 오늘의 미국이 어떤 방향으로 움직이고 있는지, 그리고 기업과 투자자는 이 변화를 어떤 관점에서 바라봐야 하는지를 제시한다.

총 7장으로 구성된 이 책은 각 장이 독립적으로 읽히며, 관심 있는 주제부터 바로 선택해 볼 수 있다.
글로벌 기업 해외 법무팀에서 근무한 경험을 바탕으로 한 저자의 취재 내용과 분석이 생생하게 담겨 있어 미국 사회의 가치 갈등이 기업 환경과 규제, 투자 흐름에 어떻게 영향을 미치는지 균형 있게 보여준다. 기후 규제를 둘러싼 논쟁, 다양성과 평등 논의에 따른 새로운 리스크 등 미국에서 진행 중인 가치 전환을 객관적으로 조망할 수 있다.

『트럼프 코드 가치 전쟁』은 트럼프와 미국 보수 진영이 바라보는 ESG의 또 다른 얼굴과 그 속에 담긴 가치 전쟁의 구조를 차분하게 해석하며, 독자가 보다 균형 잡힌 시각과 현실적인 전략을 갖추도록 돕는 책이다.","투자자, 미국 사회, 규제, 보수, 기후, 법무",https://contents.kyobobook.co.kr/sih/fit-in/458x0/pdt/9791194655213.jpg,https://product.kyobobook.co.kr/detail/S000218622973,2026-01-09 07:10:24.713475+00,2026-01-09 07:10:24.713475+00
S000215067855,9791193937396,왜 그들만 부자가 되는가,"필립 바구스 , 안드레아스 마르크바르트",배진아,북모먼트,2025년 01월 08일,19800,부의 격차를 좁히는 진짜 돈의 모습,"“부자가 되지 못한 것은 당신 탓이 아니다!”
누구는 왜 끝없이 부를 쌓고, 누구는 가난을 반복하는가
모두가 감히 입 밖에 내지 못했던 진정한 돈 이야기

“부자가 되지 못한 것은 당신 탓이 아니다!”
누구는 왜 끝없이 부를 쌓고, 누구는 가난을 반복하는가
모두가 감히 입 밖에 내지 못했던 진정한 돈 이야기

출간 이후 해외로 수출되며 스페인 아마존 등 경제 분야 베스트셀러 1위를 차지하고, 마크 파버를 비롯한 세계적 투자자와 경제학자들의 극찬을 받은 『왜 그들만 부자가 되는가』가 출간되었다.
그 어느 때보다 경제가 점점 어려워지고 있다. 찰나의 호황기가 지나면 기나긴 불황이 찾아오고 위기가 반복해서 나타난다. 하지만 급변하는 시대에도 부를 잃지 않는 사람들, 위기 속에서 부를 쌓는 이들이 존재한다. 반면 다수의 사람들은 이런 의문을 품은 채 살아간다. ‘다 잘 사는 것 같은데 왜 나는 돈이 없을까? 언제까지 열심히 일만 해야 할까? 자본주의 사회에서 경제적 계급은 어쩔 수 없는 필연적인 일일까?’
오스트리아 국민경제학파이자 독일의 경제학 박사·금융 멘토로 알려진 두 저자는 『왜 그들만 부자가 되는가』에서 우리 사회에서 일어나는 다양한 경제 문제의 원인을 ‘화폐 시스템’과 엮어 일목요연하게 정리했다. 저자는 경제적 불평등과 금융위기의 책임이 국가가 주도하는 화폐 시스템에 있다고 꼬집는다. 각국 정부가 금융 정책과 화폐 정책을 이용해 다수의 이해관계를 대변하는 것이 아니라, 그들 자신과 부자 계층의 이해관계를 대변한다는 것을 쉽고 명확한 논리로 설명한다.
이 책을 통해 돈의 탄생부터 화폐 시스템이 어떻게 부자들에게 유리한 방향으로 움직이는지 살펴보며, 빈곤은 개인의 노력 부족이 아니라 구조적인 문제에서 비롯된 것임을 이해할 수 있다. 경기가 살아나고 침체되는 사이클이 반복되는 현시대에 돈의 본질을 파악하는 눈을 기르면서 경제적 불평등의 해결 방안을 모색하기 위해 읽어야 할 필독서다.","화폐, 금융 시스템, 금융 위기, 이해관계, 불황, 각국 정부",https://contents.kyobobook.co.kr/sih/fit-in/458x0/pdt/9791193937396.jpg,https://product.kyobobook.co.kr/detail/S000215067855,2026-01-09 07:51:50.448601+00,2026-01-09 07:51:50.448601+00
S000214208202,9788959897223,트렌드 코리아 2025,"김난도 , 전미영 , 최지혜 , 권정윤 , 한다혜 , 이혜원 , 이준영 , 이향은 , 추예린 , 전다현",null,미래의창,2024년 10월 07일,18000,2025 대한민국 소비트렌드 전망,"경계가 사라지는 시대, 모든 전제를 원점으로 되돌려라

역대급 무더위가 대한민국을 강타한 2024년 여름, 지구는 역사상 가장 뜨거운 날의 기록을 연달아 경신했다. 지금 우리는 ‘역대급’이라는 말 자체가 역대급으로 많이 쓰이는 시대를 살고 있다. 그만큼 우리 사회의 역동성이 크다는 뜻이기도 하다. 근 20년 동안 우리 사회의 추이와 소비 활동의 여러 모습을 추적, 관찰해온 트렌드 코리아 팀은 대한민국이 그 어느 때보다도 더 특유의 역동성과 역량을 바탕으로 전에 없는 다양성을 표출하는 모습을 목격하고 이를 책에 담고자 했다. 대한민국은 열풍의 나라이기도 하다. 해외 토픽을 장식한 푸바오 열풍, 마라탕과 탕후루에 이은 두바이 초콜릿 열풍, AI 열풍, 의대 열풍, 스페셜티 커피 열풍, 레트로 열풍, 남녀노소를 가리지 않는 ‘먼작귀’ 열풍까지…. 이 모든 것이 시사하는 바는 무엇인가? 이런 열풍의 이면에 있는 우리 사회 구성원들의 욕망과 결핍은 무엇일까? 〈트렌드 코리아 2025〉에서 이에 대한 답을 찾아보도록 하자.","열풍, 공진화, 무해, 두바이, 역동, 대한민국",https://contents.kyobobook.co.kr/sih/fit-in/458x0/pdt/9788959897223.jpg,https://product.kyobobook.co.kr/detail/S000214208202,2026-01-09 07:51:50.448601+00,2026-01-09 07:51:50.448601+00
S000001947552,9791191056372,돈의 심리학(30만 부 기념 스페셜 에디션),모건 하우절,이지연,인플루엔셜,2023년 11월 06일,17820,당신은 왜 부자가 되지 못했는가(보너스 스토리 수록),"국내외 투자자들이 앞다퉈 추천하는 현대판 고전 《돈의 심리학》
30만 부 기념판 출간 기념 보너스 스토리 수록!

국내외 투자자들이 앞다퉈 추천하는 현대판 고전 《돈의 심리학》
30만 부 기념판 출간 기념 보너스 스토리 수록!

월스트리트저널에서 10년 넘게 금융과 투자에 대한 글을 써온 칼럼니스트이자 콜라보레이티브 펀드 파트너로 활동중인 모건 하우절의 첫 책이다. 출간 즉시 아마존 투자 분야 1위를 차지했고 개인 투자자부터 전문 컨설턴트까지 극찬 세례를 받으며 명실상부 ‘2020 아마존 최고의 금융도서’로 평가받는다.
《돈의 심리학》은 총 20개 스토리로 구성되어 있다. ‘스토리텔링의 천재’ ‘소설가의 기술을 가진 금융 작가’라는 별명답게 모건 하우절이 들려주는 20개의 투자 스토리는 대단히 매력적이다. 하나하나 실화와 실증에 바탕을 두되 이야기의 재미와 투자의 교훈을 빠짐없이 담아냈다.
제2차 세계대전 당시 독일의 탱크 부대 이야기, 마이크로소프트 창업에 관한 빌 게이츠의 고백, LA에서 주차 대행 아르바이트를 하던 시절 페라리에 얽힌 에피소드, 워런 버핏의 놀라운 수익률의 비밀까지 다양한 이야기를 흥미롭게 전개하여 읽는 이들을 단번에 사로잡는다. 또한 그 끝에는 하나같이 감탄을 부르는 탁월한 통찰을 담고 있다. 부에 관한 문제는 결국 학력, 지능, 노력과 직접적 관련이 없으며 돈에 관한 인간의 편향, 심리, 다시 말해 ‘돈의 심리학’과 밀접한 관련이 있음을 깨닫게 한다.
국내에서 30만 부 판매 돌파를 기념하여 출간하는 ‘스페셜 에디션’에는 모건 하우절이 새롭게 쓴 ‘보너스 스토리’가 수록된다. 책이 출간된 지 2년이 지난 시점에서 그가 새롭게 깨달은 ‘부의 비밀’에 대해 이야기한다. 세상이 아무리 바뀌어도 모건 하우절이 제시하는 ‘돈의 심리학’의 힘은 여전하다. 그것이 국내외 투자전문가들이 이 책을 ‘투자서의 현대판 고전’으로 앞다퉈 추천하는 이유이다.
결국 학력, 지능, 노력과 직접적 관련이 없으며 돈에 관한 인간의 편향, 심리, 다시 말해 ‘돈의 심리학’과 밀접한 관련이 있음을 깨닫게 한다.",,https://contents.kyobobook.co.kr/sih/fit-in/458x0/pdt/9791191056372.jpg,https://product.kyobobook.co.kr/detail/S000001947552,2026-01-09 07:10:24.713475+00,2026-01-09 07:10:24.713475+00
S000215014915,9791194246503,세스 고딘의 전략 수업(This is Strategy Seth Godin),세스 고딘,안진환,쌤앤파커스,2025년 01월 02일,20700,양장본 Hardcover,"연간 350만 명이 답을 구하는 세스 고딘이 ‘불변의 전략’을 말하다!

30여 년간 세스 고딘은 전통적인 마케팅 방식에서 벗어나 창의성, 고객 중심의 접근을 강조하는 선구적인 관점을 전달하며 현대 비즈니스를 혁신하는 전략가로 우뚝 섰다. 인터넷이 등장한 초기에 그가 설립한 기업 요요다인(Yoyodyne)은 온라인 마케팅의 방향성과 방법론을 처음 제시하고 온라인 상거래의 문을 활짝 열었다. 그가 없었다면 아마존도, 쿠팡도 등장하지 못했을 것이다.

AI가 등장하고, 국제 정세가 급변하여 산업 생태계가 통째로 뒤집히는 오늘날, 세스 고딘의 목소리에 이목이 쏠린다. 그는 말한다. “먼저 전략을 세워야겠군요.” 《세스 고딘의 전략 수업》은 몇 가지 법칙이나 행동 지침을 정답처럼 제시하는 대신 불확실성에 대응하는 정교한 사고방식으로서의 전략에 대해 말한다. 특유의 허를 찌르는 직관을 전략이라는 실용적 접근법으로 세공해 우리의 삶과 비즈니스에 적용해야 할 것들을 알려준다. 대학입시부터 노후 대비까지, 사업 아이템 선정부터 브랜딩까지, 인사부터 회계까지, 개인과 조직이 더 나은 길로 향하는 확실한 방법을 얻어갈 것이다.","산업 생태, 국제 정세, 쿠팡, 행동 지침, 요요, 세공",https://contents.kyobobook.co.kr/sih/fit-in/458x0/pdt/9791194246503.jpg,https://product.kyobobook.co.kr/detail/S000215014915,2026-01-09 07:51:50.448601+00,2026-01-09 07:51:50.448601+00
S000214357841,9791193780084,나는 미국 월배당 ETF로 40대에 은퇴한다,최영민,null,지음미디어,2024년 09월 27일,16920,7천만 원으로 월 2백만 원 받는 연 30% 이상 초고배당의 비밀,"글로벌 금융시장에 대세로 떠오르고 있는 새로운 트렌드
미국 월배당 ETF, 이 정도만 알아도 투자할 수 있다!

글로벌 금융시장에 대세로 떠오르고 있는 새로운 트렌드
미국 월배당 ETF, 이 정도만 알아도 투자할 수 있다!

이 책은 불필요한 이론은 다 버리고 꼭 알아야 할 내용들만으로 구성되어 있어 초보 투자자도 어렵지 않게 투자에 도전해 볼 수 있다. ETF의 기본 개념을 이해하고, 계좌 개설과 환전, 매수 주문과 배당금 확인까지 그대로 따라 하기만 하면 바로 실전 투자가 가능하다. 미국 월배당 ETF 종목 분석을 통해 어떤 상품에 투자해야 하는지 안목을 키울 수 있다. 매월 현금으로 배당을 받아 원활한 현금흐름을 만들거나 재투자로 자산을 불리고 싶은 당신을 위한 맞춤 투자 포트폴리오도 만들어 볼 수 있다. 또한 저자가 직접 경험한 연 30% 배당수익 포트폴리오를 통해 초고배당 ETF를 찾는 방법은 물론, 미국 월배당 ETF 시가총액 Top 50, 미국 월배당 ETF 시가배당률 Top 100을 통해 다양한 미국 월배당 ETF 상품을 찾아볼 수 있다.","배당금, 시가총액, 현금 흐름, 실전 투자, 재투자, 나스닥",https://contents.kyobobook.co.kr/sih/fit-in/458x0/pdt/9791193780084.jpg,https://product.kyobobook.co.kr/detail/S000214357841,2026-01-09 07:51:50.448601+00,2026-01-09 07:51:50.448601+00
S000212321676,9791198517425,불변의 법칙,모건 하우절,이수경,서삼독,2024년 02월 28일,22500,양장본 Hardcover,"세계적인 베스트셀러 《돈의 심리학》의 저자 모건 하우절이 3년 만에 세상에 내놓은 신작.‘절대 변하지 않는 것들에 대한 23가지 이야기’를 전한다. 출간하자마자 아마존과 뉴욕타임스 베스트셀러 자리에 오르며 아마존 독자들과 오피니언 리더들의 극찬을 받았다.
이번 책은 돈과 투자 영역은 물론이고, 인간의 본성과 세상의 이치에 관한 이야기를 두루 다루어 한층 더 다층적이고 복합적인 메시지를 담아냈다는 평가를 받는다. 모건 하우절은 사람들은 무엇이 변할 것인지에 대해 늘 관심을 갖지만, 미래에 대비하기 위해서는 오히려 과거에도 지금도 미래에도 변함이 없는‘불변의 법칙’에 대해 알아야 한다고 강조한다. 이에 1000년 후에도 유효할 인간의 행동양식과 반복패턴에 대한 흥미로운 역사 스토리와 일화들을 들려준다. 워런 버핏의 스니커즈, 빌 게이츠의 숨겨진 불안, 유발 하라리가 받은 뜻밖의 비난, 게임스탑 사태의 보이지 않는 변수, 벌지 전투의 최후, 마술사 후디니의 죽음 등, 한 편 한 편의 이야기가 마치 다큐소설처럼 펼쳐진다. 흥미로운 일화 속에 인간사를 꿰뚫는 통찰과 삶의 교훈을 구슬처럼 꿰어내어 “역시 모건 하우절이다”라는 찬사를 받았다. 스콧 갤러웨이, 라이온 홀리데이는 물론, 국내 유수의 리더들 또한 먼저 읽고 “대단한 책이다”라는 평가를 내놓았다.

세계적인 베스트셀러 《돈의 심리학》의 저자 모건 하우절이 3년 만에 세상에 내놓은 신작.‘절대 변하지 않는 것들에 대한 23가지 이야기’를 전한다. 출간하자마자 아마존과 뉴욕타임스 베스트셀러 자리에 오르며 아마존 독자들과 오피니언 리더들의 극찬을 받았다.
이번 책은 돈과 투자 영역은 물론이고, 인간의 본성과 세상의 이치에 관한 이야기를 두루 다루어 한층 더 다층적이고 복합적인 메시지를 담아냈다는 평가를 받는다. 모건 하우절은 사람들은 무엇이 변할 것인지에 대해 늘 관심을 갖지만, 미래에 대비하기 위해서는 오히려 과거에도 지금도 미래에도 변함이 없는‘불변의 법칙’에 대해 알아야 한다고 강조한다. 이에 1000년 후에도 유효할 인간의 행동양식과 반복패턴에 대한 흥미로운 역사 스토리와 일화들을 들려준다. 워런 버핏의 스니커즈, 빌 게이츠의 숨겨진 불안, 유발 하라리가 받은 뜻밖의 비난, 게임스탑 사태의 보이지 않는 변수, 벌지 전투의 최후, 마술사 후디니의 죽음 등, 한 편 한 편의 이야기가 마치 다큐소설처럼 펼쳐진다. 흥미로운 일화 속에 인간사를 꿰뚫는 통찰과 삶의 교훈을 구슬처럼 꿰어내어 “역시 모건 하우절이다”라는 찬사를 받았다. 스콧 갤러웨이, 라이온 홀리데이는 물론, 국내 유수의 리더들 또한 먼저 읽고 “대단한 책이다”라는 평가를 내놓았다.","워런 버핏, 하라리, 시가총액, 일화, 인간사, 행동 양식",https://contents.kyobobook.co.kr/sih/fit-in/458x0/pdt/9791198517425.jpg,https://product.kyobobook.co.kr/detail/S000212321676,2026-01-09 07:51:50.448601+00,2026-01-09 07:51:50.448601+00
S000001913217,9791188331796,돈의 속성(400쇄 리커버에디션),김승호,null,스노우폭스북스,2020년 06월 15일,16020,개정증보판,"2020ㆍ2021ㆍ2022ㆍ2023ㆍ2024
5년 연속 최장기 베스트셀러120만 깨어있는 독자들이 선택한 경제경영 필독서 『돈의 속성』

▶ 『돈의 속성』 400쇄 기념 개정증보판 발행!
▶ 중국, 일본, 대만, 태국, 베트남 5개국 출간!

이 책은 초판 발행 후, 경제경영 필도서로 자리매김한 『돈의 속성』 400쇄 기념 개정증보판이다.

2020ㆍ2021ㆍ2022ㆍ2023ㆍ2024
5년 연속 최장기 베스트셀러120만 깨어있는 독자들이 선택한 경제경영 필독서 『돈의 속성』

▶ 『돈의 속성』 400쇄 기념 개정증보판 발행!
▶ 중국, 일본, 대만, 태국, 베트남 5개국 출간!

이 책은 초판 발행 후, 경제경영 필도서로 자리매김한 『돈의 속성』 400쇄 기념 개정증보판이다.","부자되는법, 종잣돈, 투자 원칙, 나스닥, 경제철학, 기대 수익",https://contents.kyobobook.co.kr/sih/fit-in/458x0/pdt/9791188331796.jpg,https://product.kyobobook.co.kr/detail/S000001913217,2026-01-09 07:10:24.713475+00,2026-01-09 07:10:24.713475+00
S000214846032,9788947549882,이코노미스트 2025 세계대전망,이코노미스트,"이고운 , 이유정 , 전예진",한국경제신문,2024년 12월 10일,20700,,"이코노미스트 《2025 세계대전망》 한국어판 독점
전 세계 25여 개 언어로 동시 출간
2025년을 예측하고 준비하는 가장 확실한 대안이자 해법

이코노미스트 《2025 세계대전망》 한국어판 독점
전 세계 25여 개 언어로 동시 출간
2025년을 예측하고 준비하는 가장 확실한 대안이자 해법

한국경제신문에서 해마다 출간되어온 글로벌 전망서 이코노미스트의 ‘The World Ahead’ 시리즈가 올해도 변함없이 《2025 세계대전망》으로 출간된다. 세계 각국의 정치와 경제, 비즈니스, 금융, 과학, 문화 등을 심층 진단하여 미래 예측과 트렌드 분석에 있어 최고의 글로벌 전망서로 손꼽히는 이 책은 전 세계 25개 언어로 해마다 연말에 전 세계에 동시 출간되는 대형 프로젝트다. 해마다 예측 불가능한 상황의 연속에서 세계 패러다임 예측에 있어 최고의 권위를 자랑하는 〈이코노미스트〉가 2025년에 대한 심도 깊은 전망을 내놓는다. 세계의 주요 핵심 이슈는 물론 각 나라별, 분야별 글로벌 트렌드를 총체적으로 다루며 세계적인 권위와 명성을 자랑하고 있는 만큼, 독자들의 눈높이에 맞는 다양한 시각과 풍성한 볼거리를 제공할 예정이다.

전례 없이 선거가 많았던 2024년 한 해를 보낸 후, 변화를 약속한 전 세계 새로운 지도자들이 2025년에 어떤 성과를 내게 될지 귀추가 주목된다. 가장 큰 이슈는 11월 미국 대선 결과, 트럼프 2.0 시대를 맞았다는 것이다. 이로 인한 국제 정치의 흐름과 글로벌 안보와 무역 등 지정학적 변화와 세계 비즈니스 정세에 미치는 영향을 매우 상세하게 들여다보고 예측할 것이다. 세계 각계각층의 전문가, 정치인, 학자, CEO 등 유명 인사와 함께 구체적이고 소신 있는 의견으로, 그 어느 때보다도 지각 변동이 심했던 국제 정치, 경제, 금융, 비즈니스, 문화 이슈는 물론, 2025년에 주목해야 할 10가지 주제와 트렌드를 심층 분석한다. 급변하는 글로벌 시장의 지정학적 변수 속에서 우리가 어디로, 어떻게 나아가야 할지를 알려주는 최적의 나침반을 제공할 것이다.","지정학, 미래 예측, 트렌드, 이슈, 국제 정치, 금융",https://contents.kyobobook.co.kr/sih/fit-in/458x0/pdt/9788947549882.jpg,https://product.kyobobook.co.kr/detail/S000214846032,2026-01-09 07:51:50.448601+00,2026-01-09 07:51:50.448601+00
S000214215646,9791170611875,시대예보: 호명사회,송길영,null,교보문고,2024년 09월 25일,19800,시대의 마음을 캐는 송길영이 관찰한 세상의 모든 각자에게 다가오는 미래,"마인드 마이너 송길영의 두 번째 시대예보
서로의 이름을 불러주는 ‘호명사회’

“이제 나보다 내 직업이 먼저 죽는다!”
길어진 생애, 늘지 않는 정년, 무섭게 발전하는 기술…
우리가 먹고사는 방법은 ‘내 이름’을 찾는 것이다

마인드 마이너 송길영의 두 번째 시대예보
서로의 이름을 불러주는 ‘호명사회’

“이제 나보다 내 직업이 먼저 죽는다!”
길어진 생애, 늘지 않는 정년, 무섭게 발전하는 기술…
우리가 먹고사는 방법은 ‘내 이름’을 찾는 것이다

2023년 ‘핵개인’이라는 세상에 없던 단어로 개인을 새롭게 정의한 송길영이 두 번째 시대예보로 돌아왔다. 데이터를 분석하는 능력, 사람들의 일상을 탐구하는 호기심, 그리고 거대한 변화의 전조 증상을 알아채는 관찰력으로 누구보다 빠르게 시대의 변화를 읽어온 송길영. 그는 변화의 시그널이 만들어내는 새로운 시대정신에 주목한다.

‘핵개인의 시대’에 이은 그의 두 번째 시대예보는 ‘호명사회’다. 핵개인들이 서로의 이름을 부르는 호명사회는 조직의 이름 뒤에 숨을 수도, 숨을 필요도 없는 사회다. 자신이 한 일을 책임지고 온전히 자신이 한 일에 보상을 받는 새로운 공정한 시대인 호명사회는 어디까지 왔으며, 이 시대에 생존하기 위해 우리는 무엇을 준비하고 어떤 선택을 해야 할까?

《시대예보: 호명사회》에서는 먼저 경쟁의 인플레이션, 시뮬레이션 과잉, 좋은 직장의 월급 루팡, 유치원 의대 준비반, 열정의 가치 폭락, 가해자 세대와 피해자 세대 등 지금의 불안녕 시대를 살펴본다. 동시에 없어지지 않을 직업들, 생존 증거주의, 골디락스 존, N잡러, 느슨한 연대감, 텍스트힙, 호모 아르티장 등 앞으로 우리가 맞이할 자립으로 살아남는 시대를 예보한다.

기후 변화가 지난 천년의 기상 메커니즘을 벗어나는 일이 점점 더 잦아지고 있다. 매일 뉴스에서 빠지지 않는 일기예보가 무색할 정도로 급변하며 하루 앞을 예측하기 어려운 시대이지만, 그럼에도 불구하고 우리는 종종 그것이 맞지 않더라도 준비와 대비를 위해 귀를 기울인다.

비유하자면 이는 단순히 비를 피하기 위한 정도의 준비가 아니다. 누군가에게는 생업과 생명이 달려 있을 만큼 중요한 일이다. 이제 옷차림을 위해 한 철의 기상을 알려주는 일기예보가 아닌, 내 삶을 대비하기 위한 더 큰 호흡의 두 번째 ‘시대예보’가 시작된다.","폭락, 인플레이션, 일기 예보, 시뮬레이션, 자립, 과잉",https://contents.kyobobook.co.kr/sih/fit-in/458x0/pdt/9791170611875.jpg,https://product.kyobobook.co.kr/detail/S000214215646,2026-01-09 07:51:50.448601+00,2026-01-09 07:51:50.448601+00
S000001772245,9791158883591,부자 아빠 가난한 아빠 1(20주년 특별 기념판),로버트 기요사키,안진환,민음인,2022년 10월 28일,15300,,"돈과 투자의 흔들리지 않는 기준이 되어 줄 지침들!

기존 《부자 아빠 가난한 아빠》 제1권에는 없던 41개의 ‘20년 전 그리고 오늘’과 10가지 ‘스터디 세션’ 등 총 500매 분량의 새로운 내용을 추가한 『부자 아빠 가난한 아빠(20주년 특별 기념판)』. 돈에 대한 선입관을 깨뜨리는 파격적인 내용과 세월이 흘러도 흔들리지 않는 기준이 되어 줄 투자의 원칙들을 담은 책이다.

저자가 유년 시절 겪은 두 아버지를 통해 가난한 사람과 부자의 사고방식을 비교한다. 직설적인 화법과 몰입도 있는 스토리텔링으로 경제에 대한 기초 상식은 물론, 자산과 부채의 개념과 성공적인 투자를 위한 금융 IQ를 기르는 비법 등을 누구나 이해할 수 있도록 쉽고 명쾌하게 전한다.

IT 기술의 발전과 새로운 시장의 형성, 로봇 기술의 발달과 일자리 축소, 세금 제도의 허점과 복지 정책의 위험성 등 저자가 지난 20년간의 세계 금융 변화 속에서 발견한 새로운 정보들을 ‘20년 전 그리고 오늘’에 수록하였고, 출간 당시에는 찬사와 비판을 동시에 받았던 부자 아빠의 교훈들이 어떻게 20년 동안 살아남아 영향력을 발휘하고 있는지 밝힌다. 더불어 각 장이 끝날 때마다 ‘스터디세션’ 부분에 독자들이 책의 내용을 재정리하며 부자 아빠의 원칙들을 생활 속에서 실천해나갈 수 있도록 도와준다.","부자되는법, 재테크, 복지 정책, 출간 당시, 금융 지식, 세금",https://contents.kyobobook.co.kr/sih/fit-in/458x0/pdt/9791158883591.jpg,https://product.kyobobook.co.kr/detail/S000001772245,2026-01-09 07:51:50.448601+00,2026-01-09 07:51:50.448601+00
S000214883323,9791199015807,초효율,타이탄철물점(오윤록),null,타이탄북스,2024년 12월 11일,19800,양장본 Hardcover,"“근면성실한 부자의 시대는 끝났다. 이제는 게으른 부자의 시대다.”
누구에게나 똑같이 주어지는 24시간. 하지만 그 시간을 어떻게 사용하느냐에 따라 인생은 놀랍게 달라진다.
이 책은 평범한 초등교사가 월 매출 25억 원의 사업가가 되기까지, 근면성실의 덫에서 벗어나 초효율의 삶을 선택한 경험을 바탕으로, 현대 자본주의에서 성공적인 삶을 살아가는 실질적인 방법들을 제시한다.
과거의 고정관념을 벗어나 효율과 생산성을 극대화하는 삶의 방식은, 당신이 일상에 작은 변화를 더하는 것만으로도 놀라운 성과를 만들어낼 수 있음을 보여준다.
'노력'이 단순한 시간이 아니라 '가치'로 환산될 수 있는 시대, 이제 당신은 열심히가 아니라 '효율적'으로 살아야 한다.
〈초효율〉은 경제적 자유와 시간적 여유를 동시에 추구하고자 하는 모든 사람들에게 새로운 관점과 실행 가능한 전략을 선물한다.

“근면성실한 부자의 시대는 끝났다. 이제는 게으른 부자의 시대다.”
누구에게나 똑같이 주어지는 24시간. 하지만 그 시간을 어떻게 사용하느냐에 따라 인생은 놀랍게 달라진다.
이 책은 평범한 초등교사가 월 매출 25억 원의 사업가가 되기까지, 근면성실의 덫에서 벗어나 초효율의 삶을 선택한 경험을 바탕으로, 현대 자본주의에서 성공적인 삶을 살아가는 실질적인 방법들을 제시한다.
과거의 고정관념을 벗어나 효율과 생산성을 극대화하는 삶의 방식은, 당신이 일상에 작은 변화를 더하는 것만으로도 놀라운 성과를 만들어낼 수 있음을 보여준다.
'노력'이 단순한 시간이 아니라 '가치'로 환산될 수 있는 시대, 이제 당신은 열심히가 아니라 '효율적'으로 살아야 한다.
〈초효율〉은 경제적 자유와 시간적 여유를 동시에 추구하고자 하는 모든 사람들에게 새로운 관점과 실행 가능한 전략을 선물한다.","현대 자본주의, 매출, 실행 가능, 환산, 사업가, 레버리지",https://contents.kyobobook.co.kr/sih/fit-in/458x0/pdt/9791199015807.jpg,https://product.kyobobook.co.kr/detail/S000214883323,2026-01-09 07:51:50.448601+00,2026-01-09 07:51:50.448601+00
S000214175643,9791193937211,머니 트렌드 2025,"정태익 , 김도윤 , 김광석 , 김용섭 , 김현준 , 정수종 , 채상욱 , 최재붕",null,북모먼트,2024년 10월 02일,22500,,"위기 속 승자의 비밀, 누가 울고 누가 웃는가
420만 명 투자자와 소비자가 입증한 머니 인사이트
살아남기 위해 반드시 읽어야 할 2025 재테크 전략

위기 속 승자의 비밀, 누가 울고 누가 웃는가
420만 명 투자자와 소비자가 입증한 머니 인사이트
살아남기 위해 반드시 읽어야 할 2025 재테크 전략

명실상부 대한민국 No.1 경제 트렌드서
불확실성 속에서도 수많은 독자가 미리 알고 대비했다
경제 전반부터 부동산, 주식, 사회, 문화 트렌드, AI, 기후까지
2025 을사년을 주도할 55가지 부의 시나리오

재테크의 기본기와 올바른 투자관을 소개하고자 기획된 ‘돈’에 관한 최초의 트렌드서, 명실상부 대한민국 1위로 자리 잡은 머니 트렌드 시리즈가 돌아왔다. 『머니 트렌드 2025』는 한국 경제 전반부터 부동산, 주식, AI, 사회 이슈, 문화 트렌드, 그리고 올해 새롭게 기후 분야까지 더하여 각계 전문가들이 돈의 흐름을 전망한다. 저자들이 제시한 55가지 성공 시나리오를 통해 소비자와 투자자들이 부를 불려 나갈 수 있는 돌파구를 찾을 수 있도록 돕는다.
누적 조회수 11억 뷰, 도합 370만여 명의 구독자가 열광하는 유튜브 채널 김작가TV의 김도윤, 부동산 읽어주는 남자의 정태익 저자는 경제의 흐름을 한눈에 파악하고 현실적으로 써먹을 수 있는 재테크 방법을 알려주고자 국내 최고의 전문가들을 모아 2025년 꼭 알아야 할 돈의 이야기를 이 책에 담았다. 경제를 움직이는 다양한 변수 속에서 자산을 잃지 않고 싶다면, 오히려 한발 앞서서 부를 선점하고 싶다면 지금 『머니 트렌드 2025』를 펼치길 바란다. 어떻게 돈을 벌어야 할지 가이드해주는 전문가들의 이야기를 통해 예측 불가한 시기에도 미래를 위한 부의 큰 그림을 그릴 수 있을 것이다.","초보 투자자, 재테크, 피벗, 주택 가격, 금리 인상, 선점",https://contents.kyobobook.co.kr/sih/fit-in/458x0/pdt/9791193937211.jpg,https://product.kyobobook.co.kr/detail/S000214175643,2026-01-09 07:51:50.448601+00,2026-01-09 07:51:50.448601+00
S000214965497,9791193869154,알트코인 하이퍼 사이클,신민철(처리형),null,거인의정원,2024년 12월 23일,24300,,"다신 없을 역사적 상승장, 대세는 이미 정해졌다!
지금이 알트코인으로 인생을 역전할 기회다!

다신 없을 역사적 상승장, 대세는 이미 정해졌다!
지금이 알트코인으로 인생을 역전할 기회다!

* 비트코인 사이클+알트코인 사이클 완벽 정복
* 알트코인 맞춤형 포트폴리오&리밸런싱 전략
* 6가지 주요 알트코인 섹션 분석
* 적정가 추론법과 5가지 주요 지표를 활용한 매도 전략
* 최적의 종목 선정을 위한 ‘알트코인 컬렉션’ 특별수록

비트코인 현물 ETF 승인과 4차 반감기, 트럼프의 대통령 당선까지 맞물리며 암호화폐 시장은 사상 유례없는 상승장을 맞이할 것으로 예상된다. 특히 알트코인은 비트코인 대비 2배 이상의 수익률을 달성했던 지난 반감기 사이클에 이어, 이번에도 ‘알트코인 하이퍼 사이클’이라는 강력한 상승을 보여줄 것으로 예측된다.
그러나 큰 기회와 함께 위험도 있다. 제대로 된 전략 없이 뛰어든다면 아무리 대세 상승장일지라도 극심한 변동성으로 인해 손실을 볼 수 있다. 유사한 성격의 코인 사이에서도 서로 다른 변동성이 나타나는 알트코인 시장에서 잘못 투자한다면 투자금의 99%를 잃을 수도 있다. 반대로 안정성을 위해 포트폴리오를 지나치게 분산하면 전체 수익률이 급격하게 떨어져 알트코인 투자의 본질인 ‘폭발적 수익률’을 놓칠 수 있다.
이 책은 바로 이러한 딜레마에 대한 해법을 제시한다. 알트코인과 비트코인과의 관계성, 알트코인 시장이 작동하는 메커니즘, 주요 알트코인 카테고리 특징 등을 누구나 이해할 수 있도록 쉽게 설명한다. 그리고 목표한 수익률을 달성하기 위한 구체적인 포트폴리오 구성 및 리밸런싱 전략을 제시한다. 나아가 매수매도 시점을 판단하는 기술적 지표와 실전 전략까지 그야말로 ‘알트코인 투자’의 모든 것을 망라한다. 이 책은 알트코인 투자를 꿈꾸는 모든 개인 투자자들에게 훌륭한 종합 지침서가 될 것이다.","수익, 분산 투자, 개인 투자자, 상승, 시가총액, 주식 시장",https://contents.kyobobook.co.kr/sih/fit-in/458x0/pdt/9791193869154.jpg,https://product.kyobobook.co.kr/detail/S000214965497,2026-01-09 07:51:50.448601+00,2026-01-09 07:51:50.448601+00
S000214962003,9791191183337,경제기사 궁금증 300문 300답(2025),곽해선,null,혜다,2024년 12월 20일,0,개정증보판,"불확실성의 시대, 경제기사 속에 답이 있다

경제상식은 더 이상 지식이 아니라 생존을 위한 필수요소다. 그렇다면 어디서부터 어떻게 시작해야 이 어려운 경제 분야에 쉽게 다가갈 수 있을까? 답은 ‘경제기사’에 있다.
TV나 신문, 심지어 휴대폰만 열어도 매일 매일 경제와 관련된 뉴스와 기사들이 쏟아진다. 경제기사들 안에 숨겨진 맥락을 제대로 집어내야만 어느 요소가 내게 ‘기회’인지, 어느 요소가 내게 ‘리스크’인지 정확히 분간해낼 수 있는 능력이 길러진다.

아직도 경제 관련 지식이 어렵게만 느껴진다면,
수많은 경제 관련 정보 중에서 어떤 것이 쓸모가 있는지조차 구분해낼 수 없다면,
이제 『경제기사 궁금증 300문 300답』과 함께 ‘실물경제’에 대한 공부를 시작해야 한다.

『경제기사 궁금증 300문 300답』은 경제를 전공하지 않은 독자라도 단시일에 경제의 흐름을 읽을 수 있도록 ‘경제 원리와 실물경제’를 알기 쉽게 설명해 놓은 ‘실용경제 입문서’다. 최신 경제기사만을 골라 ‘기사 독해’와 함께 경제학 원리를 쉽게 설명하고 있어, 경제적 위험 요소들을 피하고 다가올 기회를 잡으려는 사람들에게 한층 더 유용할 것이다.


27년 최장기 스테디셀러, 실용경제학의 고전

『경제기사 궁금증 300문 300답』은 1998년 초판 출간 이래 26년 넘게 증쇄를 거듭하며 베스트셀러와 스테디셀러의 자리에 동시에 오른 실용경제학 분야의 고전이다. 변화의 속도가 빠른 경제 분야에서는 정보의 유효 기간 또한 매우 짧다. 이 책은 경제 분야의 최신 트렌드를 반영하기 위하여 일이 년에 한 번씩 경제 흐름에 나타나는 수많은 변화들을 읽어내고, 새로운 정보와 지식을 더해 큰 폭의 수정을 가한다.

이번 18판도 마찬가지 작업을 거쳤다. 경기, 물가, 금융, 증권, 외환, 국제수지와 무역, 경제지표 등 기존 판에 담겨 있던 경제 각 분야에 대한 전반적인 지식에 우리나라 실물경기, 금융정책, 국제 유가 등 최신 경제기사의 해설까지 덧붙였다. 경제에 대한 개괄과 각론을 유기적으로 연결함으로써 독자들은 경제라는 전체 숲과 실물경제라는 각각의 나무를 동시에 바라볼 수 있는 안목을 갖게 될 것이다.

경제 흐름을 예측하는 경제기사 독해 테크닉 14가지

경제기사를 보면 경제를 읽는 눈이 생긴다. 당연한 이야기다. 그런데 막상 읽으려고 하면 어디서부터 어떻게 시작해야 할지 막막하다. 전문용어와 그래프, 각종 숫자들이 난무하는 기사는 때론 암호같이 느껴지기도 한다.
시작은 간단하다. 몇 가지 경제 개념과 용어들만 익혀도 기사 읽기는 훨씬 쉬워진다. 또 경제와 관련한 사건들은 연중 비슷한 일이 주기적으로 반복되므로 사건의 앞뒤를 짚어보는 경험을 쌓을수록 더 세련된 경제 예측이 가능하다. 예를 들어 ‘금리가 오르는 추세이니 앞으로 주가가 떨어지겠구나.’ 또는 ‘엔저로 돌아섰으니 수출 관련 주가가 영향을 받겠구나.’ 하는 식으로 경제 흐름을 예측할 수 있는 힘이 생기는 것이다. 『경제기사 궁금증 300문 300답』에는 이런 힘을 길러 주는 14가지 실전 테

크닉이 부록으로 실려 있다.","실물 경제, 경제학, 주가, 외환, 증권, 국제 금융 시장",https://contents.kyobobook.co.kr/sih/fit-in/458x0/pdt/9791191183337.jpg,https://product.kyobobook.co.kr/detail/S000214962003,2026-01-09 07:51:50.448601+00,2026-01-09 07:51:50.448601+00
S000215552098,9791171179855,미국투자 메가 사이클,성상현,null,21세기북스,2025년 01월 15일,21600,불확실성을 뛰어넘는 트럼프 2.0 시대 부의 시그널,"“미국발 경제 격변기, 승자의 투자 타이밍이 온다!”
〈삼프로TV〉, 〈연합뉴스TV〉 화제의 매크로 전문가 성상현의
트럼프 2.0 시대 최강의 글로벌 투자 전략 대공개

“미국발 경제 격변기, 승자의 투자 타이밍이 온다!”
〈삼프로TV〉, 〈연합뉴스TV〉 화제의 매크로 전문가 성상현의
트럼프 2.0 시대 최강의 글로벌 투자 전략 대공개

『미국투자 메가 사이클』은 미국 정부의 경제 전략과 금융 시장을 누구보다 정확하게 분석해온 거시경제 전문가 성상현이 제시하는 시대를 이기는 투자 전략서다. 금리, 물가, 성장을 축으로 미국의 산업 정책부터 연준의 통화정책까지, 트럼프 2.0 시대를 맞이하여 실행될 경제 전략의 핵심을 예리하게 포착했다. 나아가 리쇼어링과 AI 산업 육성을 통한 미국의 제조업 부활 전략을 파헤치고, 글로벌 금융 시장의 향후 흐름을 제시한다. 미국발 메가 사이클이 가져올 부의 기회를 날카롭게 분석한 이 책은, 격변하는 세계 경제 속에서 승자가 되고자 하는 투자자들에게 필수적인 길잡이가 되어줄 것이다.","개인 투자자, 제조업, 트럼프, 통화 정책, 증시, 채권 투자",https://contents.kyobobook.co.kr/sih/fit-in/458x0/pdt/9791171179855.jpg,https://product.kyobobook.co.kr/detail/S000215552098,2026-01-09 07:51:50.448601+00,2026-01-09 07:51:50.448601+00
S000211904433,9791193394151,미국주식 처음공부,"수미숨(상의민) , 애니정",null,이레미디어,2024년 02월 05일,19800,개정판,"‘처음공부’ 시리즈의 첫 번째, 《미국주식 처음공부》의 개정판!

이레미디어에서 처음 선보인 ‘처음공부’ 시리즈다. 월급만으로는 자산 증식을 꿈꾸기 어려운 시대, 미국주식에 투자하고 싶지만 무엇을 어떻게 시작해야 할지 막막한 초보자들이 믿고 따라할 수 있도록 2030의 눈높이 맞춘 《미국주식 처음공부》가 첫 번째로 나왔다.

특히 이 책의 저자들은 평범한 밀레니얼 세대 직장인으로서, 미국시장에 처음 뛰어들며 겪은 시행착오와 경험, 노하우 등의 소중한 정보를 꼼꼼하게 정리했다. 초보자의 눈높이에 맞춘 친절하고 풍부한 설명, 다양한 그래픽 자료를 포함하여 누가 보아도 금방 이해할 수 있는 점이 가장 큰 특징이다.

‘처음공부’ 시리즈의 첫 번째, 《미국주식 처음공부》의 개정판!

이레미디어에서 처음 선보인 ‘처음공부’ 시리즈다. 월급만으로는 자산 증식을 꿈꾸기 어려운 시대, 미국주식에 투자하고 싶지만 무엇을 어떻게 시작해야 할지 막막한 초보자들이 믿고 따라할 수 있도록 2030의 눈높이 맞춘 《미국주식 처음공부》가 첫 번째로 나왔다.

특히 이 책의 저자들은 평범한 밀레니얼 세대 직장인으로서, 미국시장에 처음 뛰어들며 겪은 시행착오와 경험, 노하우 등의 소중한 정보를 꼼꼼하게 정리했다. 초보자의 눈높이에 맞춘 친절하고 풍부한 설명, 다양한 그래픽 자료를 포함하여 누가 보아도 금방 이해할 수 있는 점이 가장 큰 특징이다.","초보 투자자, 시세 차익, 현금 흐름, 니얼, 립식, 원금",https://contents.kyobobook.co.kr/sih/fit-in/458x0/pdt/9791193394151.jpg,https://product.kyobobook.co.kr/detail/S000211904433,2026-01-09 07:51:50.448601+00,2026-01-09 07:51:50.448601+00
S000214298857,9791157847679,박태웅의 AI 강의 2025,박태웅,null,한빛비즈,2024년 09월 30일,16920,,"독자들이 꼽은 인공지능 분야 최고의 책
《박태웅의 AI 강의》, 최신 AI 트렌드를 담아 돌아오다!

독자들이 꼽은 인공지능 분야 최고의 책
《박태웅의 AI 강의》, 최신 AI 트렌드를 담아 돌아오다!

2022년 11월 30일 오픈AI의 챗GPT가 등장한 이후, 이듬해 2023년은 ‘AI 쇼크’의 해라고 불러도 될 정도로 인공지능에 대한 관심이 폭발적이었다. 인간처럼, 아니 인간보다 더 글을 잘 써대는 이 생성형 AI를 두고 충격과 놀라움이 2023년 초부터 쏟아졌다. 그리고 이내 서점은 온통 GPT 관련 책으로 도배가 되다시피 했다. 챗GPT의 정체를 설명한 책부터 심지어 챗GPT와 공저한 책까지 등장한 것이다. 하루가 멀다 하고 쏟아지는 인공지능 도서의 홍수 속에서 독자들로부터 압도적으로 선택받은 책이 있었으니, 바로 ‘IT 현자’로 불리는 《박태웅의 AI 강의》였다. 딥러닝, 매개변수, 토큰, 트랜스포머, 강화학습 등등 인공지능을 알기 위해서는 필수적이지만 일반인에게는 낯설고 어렵게 느껴지는 개념들을 저자 특유의 편한 글투로 쉽게 설명하여 누구라도 AI 리터러시를 갖출 수 있게 도운 것이다. 심지어 청소년들도 이해할 수 있도록 풀어 쓴 수준이라 2023년 청소년 교양도서 우수도서로 선정되었고, 올해는 독자들이 뽑은 인공지능 분야 최고의 책으로도 선택되었다.
바로 그 책이 최신 AI 트렌드와 더 깊은 인사이트를 담아 《박태웅의 AI 강의 2025》로 돌아왔다. 인공지능 원리에 대한 쉬운 설명은 그대로 유지한 채 더욱 깊이 있는 기술 지식이 책 곳곳에 추가되었고, 우리가 반드시 알아야 할 AI 트렌드는 물론이요, AI로 인해 변화될 앞으로의 우리 모습까지 조망하고 있다. 또한 AI 업계를 이끌고 있는 슈퍼 엘리트들의 사상적 배경을 소개하여 인공지능에 대해 심도 있는 이해를 돕고 있으며, 인공지능 윤리와 위험성, 그리고 관련 규제를 아우르는 사회적 인사이트까지 제시한다. 그로 인해 이번 책은 두 배 이상 두꺼워졌다. 한마디로 더 넓어지고 더 깊어진 것이다. 인공지능에 대해 ‘쉬우면서도 깊이 있는 지식’을 원한다면, 《박태웅의 AI 강의 2025》를 선택할 수밖에 없을 거라 단언한다.","인사이트, 매개변수, 휴머노이드, 트랜스포머, 후진국, 모달",https://contents.kyobobook.co.kr/sih/fit-in/458x0/pdt/9791157847679.jpg,https://product.kyobobook.co.kr/detail/S000214298857,2026-01-09 07:51:50.448601+00,2026-01-09 07:51:50.448601+00
S000214961190,9791194368083,거인의 약속,존 아메이치,이주영,상상스퀘어,2024년 12월 26일,19800,작은 행동으로 거대한 변화를 만드는 14가지 리더십 원칙,"리더십의 본질은 거인과 같은 영향력이다!
25년 경력의 조직심리학자가 전하는 진짜 리더의 모습

리더십의 본질은 거인과 같은 영향력이다!
25년 경력의 조직심리학자가 전하는 진짜 리더의 모습

《거인의 약속》은 리더십에 대한 고정관념을 깨고, 누구나 자신만의 방식으로 리더가 될 수 있음을 보여주는 책이다. 전 NBA 선수이자 심리학자, 세계적인 리더십 코치인 존 아메이치는 자신의 삶과 경험을 통해 리더십의 본질이 무엇인지 생생하게 전한다.

이 책은 단순한 자기계발서가 아니다. 그리고 단순히 리더를 위한 책도 아니다. 리더가 되고자 하는 모든 사람, 그리고 자신의 삶과 주변 환경을 더 나은 방향으로 이끌고자 하는 모든 이를 위한 책이다. 당신이 직장에서 팀을 이끄는 리더든, 가정에서 가족을 돌보는 부모든, 자신의 삶에서 성장의 기로에 서 있는 개인이든, 이 책은 당신이 거인처럼 행동하고 세상에 선한 영향을 미칠 수 있도록 도와줄 것이다.",,https://contents.kyobobook.co.kr/sih/fit-in/458x0/pdt/9791194368083.jpg,https://product.kyobobook.co.kr/detail/S000214961190,2026-01-09 07:51:50.448601+00,2026-01-09 07:51:50.448601+00
S000215747044,9791194530107,환율의 대전환,오건영,null,포레스트북스,2025년 02월 28일,24300,,"“주식도 부동산도 불안한 지금,
부자들은 왜 달러, 엔, 금에 주목하는가”

달러, 엔, 금의 메가 트렌드와 현명한 투자 방법을 담은 한 권의 책

“주식도 부동산도 불안한 지금,
부자들은 왜 달러, 엔, 금에 주목하는가”

달러, 엔, 금의 메가 트렌드와 현명한 투자 방법을 담은 한 권의 책

세계 경제를 둘러싼 금리라는 환경의 체질이 바뀌고 있다. 이런 상황 속에서 달러, 엔, 금 같은 주요 통화는 어떤 흐름을 이어가게 될까. 지금까지의 패턴을 그대로 유지할지, 아니면 그동안은 보지 못했던 큰 변화가 벌어질지 단언할 수 없는 지금이다. 이에 대한민국 최고의 거시경제전문가 오건영 저자는 이번 신간을 통해 지금의 흐릿한 경제 상황을 제대로 바라볼 수 있는 인사이트를 전한다. IMF 외환위기 처음으로 나타난 달러원 환율 1400원, 엔화의 초강세, 연일 최고점을 갱신하는 금 가격까지 지금의 이슈를 만들어 낸 원인을 분석하고, 앞으로의 시나리오를 제시하며 현명한 투자 방법에 대한 조언까지 아끼지 않는다.","인사이트, 초보 투자자, 투자 방법, 강세, 거시경제, 약세",https://contents.kyobobook.co.kr/sih/fit-in/458x0/pdt/9791194530107.jpg,https://product.kyobobook.co.kr/detail/S000215747044,2026-01-09 07:51:50.448601+00,2026-01-09 07:51:50.448601+00
S000215695492,9788932924977,소스 코드: 더 비기닝,빌 게이츠,안진환,열린책들,2025년 02월 05일,25200,양장본 Hardcover,"세계인의 삶을 바꾼 테크놀로지의 거인, 빌 게이츠
그가 처음으로 직접 들려주는 자신의 시작에 관한 이야기

세계인의 삶을 바꾼 테크놀로지의 거인, 빌 게이츠
그가 처음으로 직접 들려주는 자신의 시작에 관한 이야기

컴퓨터 테크놀로지의 살아 있는 신화, 빌 게이츠. 세계인의 변화와 발전, 진보를 이끈 이 걸출한 인물의 유년기와 청소년기의 궤적을 따라가며, 당시 그가 보여 준 열정과 추구했던 것들에 관한 인간적이고 개인적인 소회를 들어 본다.
『소스 코드』는 어린 빌 게이츠가 소프트웨어라는 미개척 분야의 잠재력을 직감하고 운명의 단짝 폴 앨런과 함께 마이크로소프트를 창업하기까지의 나날을 담고 있다. 이 책에서 그는 자기 삶의 거의 모든 토대가 되어 준 관계, 교훈, 경험에 대해 차근하게 이야기한다. 빌 게이츠가 직접 들려주는 현명하고 따뜻하며 허심탄회한 이 회고록은, 전 세계가 궁금해하는 어느 미국인의 인생에 관한 매혹적인 초상화이다.","소프트, 허심탄회, 앨런, 마이크, 단짝, 마이크로프로세서",https://contents.kyobobook.co.kr/sih/fit-in/458x0/pdt/9788932924977.jpg,https://product.kyobobook.co.kr/detail/S000215695492,2026-01-09 07:51:50.448601+00,2026-01-09 07:51:50.448601+00
S000215823209,9791193869215,트럼프 시대의 지정학과 비트코인,오태민,null,거인의정원,2025년 03월 04일,23400,,"“세계경제에 새로운 질서가 도래한다”
달러체제의 위기와 트럼피즘의 대두
미국의 세계전략 변화가 불러올 대격변
중동전쟁, 아브라함 협정, 한미일 안보협력 선언, 미국의 중국 길들이기
그리고 트럼프의 비트코인 전략화 선언!

대한민국 암호화폐 최고 권위자 오태민, 급변할 세계를 예견하다!
“미국이 비트코인을 막을 것이다”란 주장에 대한
가장 경이로운 반론이었던 《비트코인, 그리고 달러의 지정학》 전면 개정증보판

“세계경제에 새로운 질서가 도래한다”
달러체제의 위기와 트럼피즘의 대두
미국의 세계전략 변화가 불러올 대격변
중동전쟁, 아브라함 협정, 한미일 안보협력 선언, 미국의 중국 길들이기
그리고 트럼프의 비트코인 전략화 선언!

대한민국 암호화폐 최고 권위자 오태민, 급변할 세계를 예견하다!
“미국이 비트코인을 막을 것이다”란 주장에 대한
가장 경이로운 반론이었던 《비트코인, 그리고 달러의 지정학》 전면 개정증보판

가히 파격적인 행보다. 트럼프는 미국의 대통령으로 복귀하자마자 엄청난 관세를 퍼부으며 세계를 혼란에 빠트리고 있다. 단순히 트럼프가 내세우는 미국 우선주의라는 말로는 그의 의중을 파악하기에 부족하다. 모든 정치인들은 자국의 이익을 우선하겠다고 주장하지만 그것을 주된 공약으로 내세우진 않는다. 너무나 당연한 일이기 때문이다. 그러나 이 구호는 트럼프를 상징하는 단어가 되었고, 다른 국가들은 물론 많은 미국인에게도 당혹감을 안겼다. 트럼프가 돌아올 수 있었던 이유와 그가 미국을 끌고 가려는 방향을 이해하기 위해선 제2차 세계대전 이후 미국이 걸어온 길에 대한 복기가 필요하다.
미국이 제국이라면 달러체제는 미국이 가장 관대했을 때의 시스템이다. 제2차 세계대전 이후 미국은 달러 체제를 통해 동맹국들을 부축했고, 독립국가들에게 주권을 양도했으며, 냉전을 관리했고 결국 냉전에서 승리했다. 그러나 그 사이, 바로 그 달러가 미국의 힘을 소진시켰기 때문에 미국은 정치내전에 가까운 사회 분열과 정체성 위기를 겪게 되었다. ‘트럼피즘’이라는 정치적, 사회적 현상의 대두와 트럼프의 귀환은 이와 무관하지 않다. 그리고 정치내전에서 승리한 트럼프가 비트코인의 전략자산화를 주창한 이면에는 달러의 부축에 비트코인이 특별한 역할을 할 수 있을 거란 판단이 자리하고 있다.
그리하여 이 책은 미국이 비트코인을 왜 없애지 못하는지가 아니라, 왜 없앨 마음이 없는지를 주로 다룬다. ‘포스트 1945체제’ 아래 미국은 달러체제를 유지하기 위해 제국주의 세계질서와 탈제국주의 무질서 사이에서 분투해 왔지만, 세계 각지의 영유권 분쟁과 경제 전쟁, 패권 다툼으로 인해 달러체제의 강건성을 잃어갔다. 그리고 트럼프가 비트코인을 물고 복귀하면서, 세계는 완전히 새로운 전환점에 돌입했다. 이것은 트럼프라는 독특한 인물에서 기인한 현상이지만, 트럼프의 선택은 국제질서의 역사적 역동성의 구조적 맥락과 결코 동떨어져 있지 않은 예견된 흐름이기도 하다. 이 책은 브레턴우즈부터 아브라함 협정과 2023년 한미일 협정, 미국의 중국 길들이기까지 과거와 현대의 핵심적인 사건들을 살펴봄으로써 미국의 세계전략이 어떻게 변모하고 있는지 알아보고 이것이 경제와 정치에 어떤 영향을 미칠지 지정학적 관점으로 탐구한다. 그리고 이 모든 현상과 다가올 변화의 중심에 바로 비트코인이 있다는 걸 증명한다.","달러, 체제, 아브라함, 부축, 협정, 정치",https://contents.kyobobook.co.kr/sih/fit-in/458x0/pdt/9791193869215.jpg,https://product.kyobobook.co.kr/detail/S000215823209,2026-01-09 07:51:50.448601+00,2026-01-09 07:51:50.448601+00
S000215649289,9791170525516,부자는 왜 더 부자가 되는가,로버트 기요사키,오웅석,민음인,2025년 02월 05일,17100,반양장,"트럼프 2.0시대를 맞이하는 ‘부자 아빠’의 眞 금융 마인드

“『부자 아빠 가난한 아빠』가 초등학교였다면,
이 책 『부자는 왜 더 부자가 되는가』는 대학원이다!”

불확실성이 증가하고 부자와 중산층, 빈곤층의 빈부격차가 심화되는 시대에 꼭 필요한 ‘진정한 금융 교육’의 핵심을 담은 『부자는 왜 더 부자가 되는가』가 ㈜민음인에서 출간되었다. 이 책은 전 세계에서 4천만 부 이상 판매된 재테크 밀리언셀러 ‘부자 아빠 가난한 아빠’ 시리즈로, 중산층과 빈곤층이 위기에 처할 때도 부자가 더욱 부유해지는 차이점이 세금, 시장의 폭락, 부채를 적극적으로 활용하는 부자들의 금융 마인드에 있음을 밝힌다. 또한 돈의 언어를 읽고 이해하는 ‘금융 문해력’, ‘포르쉐 경제학’과 ‘유령 소득’ 등 새로운 금융적 사고법을 일깨워 주며 실질적인 금융 교육을 이끈다.

기요사키는 ‘좋은 학교에 가서 취직하고, 열심히 일해서 빚을 갚고, 주식시장에 장기 투자하라.’는 기존의 성공 공식이 오늘날 더 이상 유효하지 않다고 지적한다. 세계화로 인해 생산직 일자리는 이미 중국, 인도, 멕시코 등으로 이전되었고, 로봇 기술의 발전으로 사무직 일자리마저 위협받고 있기 때문이다. 저자는 돈을 무한정 찍어 내는 통화 정책으로 경제를 부양하던 시기는 끝났다고 진단하며, 부자만 더욱 부자가 되는 오늘날이야말로 ‘돈을 위해 일하지 않는’ 부자 마인드로의 전환이 중요하다고 역설한다.

저자는 본인과 마찬가지로 ‘부자 아버지’ 밑에서 실질적인 금융 교육을 받으며 성공을 이룬 트럼프 대통령을 책 곳곳에서 언급한다. 실제로 기요사키와 트럼프 대통령은 ‘물고기를 주는 것’이 아닌 ‘물고기 잡는 법을 가르쳐야 한다’는 철학과 오늘날 금융 교육의 현실에 깊은 우려를 느끼고 진정한 금융 교육의 필요성을 강조하는 두 권의 책을 같이 집필하기도 했다. 저자는 트럼프 대통령이라 할지라도 모든 개인의 경제적 어려움을 해결해 줄 수는 없으므로 각자가 금융 문해력과 금융 IQ를 높여 스스로 삶을 개척할 수 있어야 한다고 말한다. 트럼프 2.0 시대를 맞아, 현재의 상황을 위기가 아닌 부자 마인드를 기르는 새로운 기회로 삼고자 하는 이들에게 이 책이 분명한 지침이 될 것이다.

학교에서는 배울 수 없는 ‘금융 문해력’을 키워라

기요사키는 “오늘날 더욱 벌어지고 있는 부유층과 다른 계층 간의 격차는 도덕적인 위기이자 사회적인 시한폭탄”이라고 경고한다. 이 책은 “학교에서는 돈에 대해 무엇을 가르쳐 주는가?”라는 근원적인 질문을 던지며, 자신이 학교에서 또 가난한 아버지에게서 배울 수 없었던 금융 교육에 대한 경험을 바탕으로 진정한 금융 교육이란 무엇인지 추적한다. 저자는 ‘돈은 또 하나의 언어’라는 관점에서 돈의 언어를 읽고 이해하는 능력인 금융 문해력(financial literacy)을 강조하고, 돈의 역사와 은행 시스템의 작동 원리를 설명하며, 부자들이 실제로 활용하는 세금 전략과 부채 운용법을 일반적인 금융 상식과 대비해 명확하게 보여 준다. 책에는 전 세계 컨퍼런스에서 재정 및 세금 관리에 대한 혁신적인 접근법을 강연하고 있는 공인회계사(CPA) 톰 휠라이트의 실전 세무 팁, 사람들이 자주 하는 질문에 대한 기요사키의 문답도 담겨 있어 독자들이 교육적·경제적 도전을 헤쳐나가는 데 실용적인 도움을 받을 수 있다.



새로운 금융적 사고, ‘포르쉐 경제학’과 ‘유령 소득’

기요사키는 소비를 단순 지출로만 보는 전통적인 사고방식을 뒤집고 자산을 활용해 부를 증대시키는 혁신적인 접근법과 새로운 개념들을 제시한다. 저자는 실제 자신이 부채 부담 없이 포르쉐를 소유하며 순자산을 증가시킨 일화를 소개하며, 물건을 바로 구매하는 대신 자산(미니 창고)을 먼저 확보하고 해당 자산의 현금흐름(임대 수입)으로 부채(자동차 대출금)를 상환한 방식을 알려 준다. 또한, 눈에 보이지 않는 소득을 뜻하는 ‘유령 소득’이라는 개념을 통해 부채와 자산 가치 상승, 감가상각 혜택 등을 활용해 세금을 절감하고 부를 축적하는 구체적인 방법들도 알려 준다. 유령 소득은 세율이 낮거나 세금이 없는 방식을 택해 간","문해력, 금융 상식, 포르쉐, 트럼프 대통령, 세금, 자산",https://contents.kyobobook.co.kr/sih/fit-in/458x0/pdt/9791170525516.jpg,https://product.kyobobook.co.kr/detail/S000215649289,2026-01-09 07:51:50.448601+00,2026-01-09 07:51:50.448601+00
S000000722078,9788952234087,거래의 기술,도널드 트럼프,이재호,살림,2016년 05월 25일,25200,트럼프는 어떻게 원하는 것을 얻는가,"맨얼굴의 트럼프!

막말과 무지로 더 무지한 대중을 쥐락펴락 농락하는 사기꾼이라는 비판과 미국 백인 사회의 현실을 정확히 대변하는 사람이자 샌더스 만큼이나 진보적인 평가를 받으며 극과극의 이미지를 얻고 있는 인물, 바로 미국 대권의 자리에 나선 도널드 트럼프이다. 폭탄발언을 한 뒤 단지 제안일 뿐이라며 쿨하게 뒤집는 인물, 어느 쪽이 진실인지 대중은 여전히 헷갈린다. 이 책 『거래의 기술』은 1987년 일종의 회고록으로 저널리스트 토니 슈워츠와 공저한 책을 번역한 것이다. 최근 ‘월스트리트 저널’이 트럼프의 변칙적인 행동들을 이해할 수 있는 한 방법으로 이 책을 소개하면서 다시금 주목을 받기 시작했다.

책에는 트럼프가 어떻게 사업을 운영하고 삶을 꾸려가는지 그의 활동 내역을 적나라하게 담았다. 책에서 발견하는 그는 막말을 일삼는 허세 가득한 사기꾼이 아니라, 대단히 치밀하고 집요한 협상가이자 말 그대로 거래의 달인이다. 독불장군 같은 행보 뒤에는 크게 생각하라, 항상 최악의 경우를 생각하라, 지렛대를 사용하라, 신념을 위해 저항하라 등 그만의 숨은 11가지 원칙을 제시하고 있다. 책은 천재적인 사업가이자 거래의 달인인 저자의 전례 없는 성공 습관을 포착하였다. 부정과 긍정을 넘어 트럼프 신드롬의 본질을 꿰뚫어보는 열쇠를 제공해줄 것이다.","대권, 정치가, 독불장군, 외국기업가, 월스트리트 저널, 달인",https://contents.kyobobook.co.kr/sih/fit-in/458x0/pdt/9788952234087.jpg,https://product.kyobobook.co.kr/detail/S000000722078,2026-01-09 07:51:50.448601+00,2026-01-09 07:51:50.448601+00
S000215557585,9791193638637,"스물하나, 서른아홉","김난도 , 전미영 , 최지혜 , 권정윤 , 한다혜 , 김나은",null,미래의창,2025년 02월 11일,15120,요즘 여성들이 쓰는 뉴노멀,"트렌드코리아 팀이 주목한 대한민국 ‘요즘 여성’
지금 대한민국의 가장 ‘핫’한 세대이자 전체 인구의 10%를 이루는
2030 여성들의 진짜 이야기, 그리고 리얼 트렌드

트렌드코리아 팀이 주목한 대한민국 ‘요즘 여성’
지금 대한민국의 가장 ‘핫’한 세대이자 전체 인구의 10%를 이루는
2030 여성들의 진짜 이야기, 그리고 리얼 트렌드

‘2030 여성’ 하면 무엇이 제일 먼저 떠오르는가? 운동이나 명상 등 자기관리를 열심히 하는 모습, 연인이나 친구들과 핫플레이스를 찾아다니는 모습, 데이트는 물론 결혼과 출산을 거부하는 모습, ‘스드메(스튜디오, 드레스, 메이크업)’ 정보를 교환하며 결혼식 준비에 열을 올리는 모습, 릴스나 틱톡 영상 속의 모습 혹은 시위 현장의 모습까지… 김난도 교수를 필두로 한 ‘트렌드코리아 팀’은 전혀 다르고 상반되어 보이기까지 하는 이 모습들이 모두 2030 여성들의 모습이라 말한다. 하나로 정의되길 거부하고, 라이프스테이지마다 당연한 것은 없으며, 매순간 나다운 방법을 찾는 이들이기 때문이다. 그 과정에서 패션·뷰티·식품·케어 등 다양한 산업에서 중추적 역할을 하는 이들을 트렌트코리아 팀은 ‘트렌드가 시작하는 출발점’으로서 살펴봤다. 산업적으로 새로운 기회를 찾는 이부터 국가적으로 미래지향적인 청사진을 그리고 싶은 이, 나이와 성별을 떠나 동시대를 살아가는 사람들의 이야기가 궁금한 이들에게 인사이트가 되어줄 것이다.","재테크, 코리아, 트렌드, 뷰티, 스테이지, 틱톡",https://contents.kyobobook.co.kr/sih/fit-in/458x0/pdt/9791193638637.jpg,https://product.kyobobook.co.kr/detail/S000215557585,2026-01-09 07:51:50.448601+00,2026-01-09 07:51:50.448601+00
S000215835343,9788947501453,플팩의 상급지로 가는 대출력,플팩(강연옥),null,한국경제신문,2025년 03월 05일,20700,인서울 인강남을 위한 최고의 부동산 전략,"상급지로 가장 빨리 갈아타는 비법은 돈이 아닌 대출력이다!

〈삼프로TV〉, 〈부읽남TV〉, 〈월급쟁이부자들TV〉
화제의 대출 전문가
대한민국 부동산 전문가들이 인정하는
대출 멘토 플팩이 말하는
대출력으로 인서울, 인강남 가는 법!

상급지로 가장 빨리 갈아타는 비법은 돈이 아닌 대출력이다!

〈삼프로TV〉, 〈부읽남TV〉, 〈월급쟁이부자들TV〉
화제의 대출 전문가
대한민국 부동산 전문가들이 인정하는
대출 멘토 플팩이 말하는
대출력으로 인서울, 인강남 가는 법!

흔히들 부자가 되려면, 상급지로 갈아타려면 돈이 있어야 한다고 생각한다. 하지만 사실 필요한 건 돈이 아닌 ‘대출력'다. 같은 자산, 같은 나이, 같은 조건이어도 어떤 사람은 강남에 집을 사고, 어떤 사람은 평생 무주택자로 남는다. 그 차이를 만드는 것은 바로 '대출을 다루는 힘', 즉 대출력이다.

대한민국 최고의 부동산 전문가들도 인정하는 대출 멘토, 플팩은 대출을 제대로 활용하는 능력을 ‘대출력’이라 명명하며, 대출을 통해 자산을 증식시키고 상급지로 갈아타는 방법을 설명한다. 특히 대출에 대한 막연한 두려움을 없애고, 금융 시스템을 적극적으로 활용하는 방법을 강조한다. 또한 대출을 잘 활용하는 사람과 그렇지 못한 사람의 차이가 부의 격차로 이어진다는 점을 설명하면서, 독자들이 직접 활용할 수 있는 다양한 대출 기법과 사례를 소개한다.

물론 대출 활용의 중요성을 알아도, 대출이라는 리스크를 감당하는 건 쉽지 않다. 이 책에서는 안전하면서도 대출을 통해 가장 효과적으로 부를 늘리는 법을 안내한다. 《플팩의 상급지로 가는 대출력》저자 는 은행원으로 일하며 쌓은 지식과 수많은 실전 경험을 바탕으로, 가장 효과적인 대출 활용법을 이 책에 담아냈다. 책을 읽다 보면 그가 왜 대한민국 최고의 부동산 대출 전문가로 불리는지, 왜 유튜브와 강연에서 수많은 이들이 극찬을 하는지 단번에 이해할 수 있을 것이다. 또한 상급지로 가는 가장 빠르고 쉬운 방법을 자연스럽게 익힐 수 있을 것이다.","무주택자, 금융 시스템, 부동산 투자, 대한민국 최고, 활용, 은행원",https://contents.kyobobook.co.kr/sih/fit-in/458x0/pdt/9788947501453.jpg,https://product.kyobobook.co.kr/detail/S000215835343,2026-01-09 07:51:50.448601+00,2026-01-09 07:51:50.448601+00
S000215788538,9791199015890,돈미새,정윤진(돈버는형님들),null,모티브,2025년 02월 17일,16920,,"어머니는 어릴 때부터 나에게 항상 이런 말씀을 하셨다.

‘있는 것에 감사해라. 돈이 없어도 잘 집이 있고 밥을 먹을 수 있음에 감사해라.
너무 돈돈돈거리지 마라.’

하지만 어머니는 평생 곰팡이 찌든 집에서 사셨다.
벽돌이 너무 오래돼서 삭았고, 비 오는 날에는 비가 줄줄 샜다.

집이 오래돼 이사를 하려던 중이었다.
어머니가 날짜를 잘못 적어 계약금을 날릴 상황이 되었다.
그날 어머니는 부동산 중개인 앞에서 펑펑 우셨다.

돈이 없다는 이유 하나만으로.
그 계약으로 인해 어머니는 우울증에 걸렸다.

돈이 없어도 감사하다는 분, 행복하다는 분이 ‘돈 때문에’병을 얻었다.

정말 어머니는 돈이 없어도 행복하셨던 것일까?
아니면, 행복하다고 스스로 믿고 싶으셨던 것일까?

지금부터 내가 할 이야기는, 대부분이 불편해하고 터부시할 내용이다.
누군가는 ‘천박하다’‘돈에 미친 새끼다’라며 손가락질할 것이다.

하지만, 나는 확신한다.

돈의 천박한 민낯을 알아야, 돈을 벌 수 있고
돈을 멀리하지 않고 가까이 해야, 비로소 돈도 당신에게 마음을 열어준다는 것을.

이 책을 읽은 뒤 당신은,
‘돈이 없어서 행복해’라고 정신승리하는 사람이 아닌,
‘돈이 있어서 행복해’라고 말하며 열심히 돈을 벌고,
돈과 가까워지기 위해 노력하는 사람이 될 것이다.

어머니는 어릴 때부터 나에게 항상 이런 말씀을 하셨다.

‘있는 것에 감사해라. 돈이 없어도 잘 집이 있고 밥을 먹을 수 있음에 감사해라.
너무 돈돈돈거리지 마라.’

하지만 어머니는 평생 곰팡이 찌든 집에서 사셨다.
벽돌이 너무 오래돼서 삭았고, 비 오는 날에는 비가 줄줄 샜다.

집이 오래돼 이사를 하려던 중이었다.
어머니가 날짜를 잘못 적어 계약금을 날릴 상황이 되었다.
그날 어머니는 부동산 중개인 앞에서 펑펑 우셨다.

돈이 없다는 이유 하나만으로.
그 계약으로 인해 어머니는 우울증에 걸렸다.

돈이 없어도 감사하다는 분, 행복하다는 분이 ‘돈 때문에’병을 얻었다.

정말 어머니는 돈이 없어도 행복하셨던 것일까?
아니면, 행복하다고 스스로 믿고 싶으셨던 것일까?

지금부터 내가 할 이야기는, 대부분이 불편해하고 터부시할 내용이다.
누군가는 ‘천박하다’‘돈에 미친 새끼다’라며 손가락질할 것이다.

하지만, 나는 확신한다.

돈의 천박한 민낯을 알아야, 돈을 벌 수 있고
돈을 멀리하지 않고 가까이 해야, 비로소 돈도 당신에게 마음을 열어준다는 것을.

이 책을 읽은 뒤 당신은,
‘돈이 없어서 행복해’라고 정신승리하는 사람이 아닌,
‘돈이 있어서 행복해’라고 말하며 열심히 돈을 벌고,
돈과 가까워지기 위해 노력하는 사람이 될 것이다.","천박, 행복, 계약금, 곰팡, 민낯, 투자 전략",https://contents.kyobobook.co.kr/sih/fit-in/458x0/pdt/9791199015890.jpg,https://product.kyobobook.co.kr/detail/S000215788538,2026-01-09 07:51:50.448601+00,2026-01-09 07:51:50.448601+00